Workbook

Sheet 「Rating」的副本
A1: NBA ID | B1: Season | C1: Player | D1: Team(s) | E1: Current Team | F1: PLAYER_LAST_NAME | G1: PLAYER_FIRST_NAME | H1: Primary_Position | I1: Second_Position | J1: Overall | K1: Layup | L1: ST Dunk | M1: Dunk | N1: Close | O1: Mid | P1: 3PT | Q1: FT | R1: PHook | S1: PFade | T1: PostC | U1: Foul | V1: SHOTIQ | W1: Ball | X1: SPD/BALL | Y1: Hands | Z1: Pass | AA1: Pass IQ | AB1: Vision | AC1: OCNST | AD1: ID | AE1: PD | AF1: STL | AG1: BLK | AH1: OREB | AI1: DREB | AJ1: HelpDIQ | AK1: PSPER | AL1: DCNST | AM1: SPEED | AN1: Agility | AO1: STR | AP1: VERT | AQ1: STAM | AR1: INTNGBL | AS1: HSTL | AT1: Aerial Wizard | AU1: Ankle Assassin | AV1: Bail Out | AW1: Boxout Beast | AX1: Break Starter | AY1: Brick Wall | AZ1: Challenger | BA1: Deadeye | BB1: Dimer | BC1: Float Game | BD1: Glove | BE1: Handles for Days | BF1: High Flying Denier | BG1: Hook Specialist | BH1: Immovable Enforcer | BI1: Interceptor | BJ1: Layup Mixmaster | BK1: Lightning Launch | BL1: Limitless Range | BM1: Mini Marksman | BN1: Off Ball Pest | BO1: On-Ball Menace | BP1: Paint Patroller | BQ1: Paint Prodigy | BR1: Physical Finisher | BS1: Pick Dodger | BT1: Pogo Stick | BU1: Posterizer | BV1: Post Fade Phenom | BW1: Post Lockdown | BX1: Post Powerhouse | BY1: Post Up Poet | BZ1: Rebound Chaser | CA1: Rise Up | CB1: Set Shot Specialist | CC1: Shifty Shooter | CD1: Slippery Off Ball | CE1: Strong Handle | CF1: Unpluckable | CG1: Versatile Visionary
A2: 708 | B2: 2013-14 | C2: Kevin Garnett | D2: BRK | F2: Garnett | G2: Kevin | K2: 63.683084 | L2: 65.653398 | M2: 60.466228 | N2: 62.78233 | O2: 82.280105 | P2: 25 | Q2: 80.977463 | R2: 60.983865 | S2: 67.131681 | T2: 78.352189 | U2: 52.801133 | V2: 62.266032 | W2: 48.732129 | X2: 51.142707 | Y2: 87.223579 | Z2: 58.909773 | AA2: 66.712565 | AB2: 69.139411 | AC2: 42.022859 | AD2: 82.496095 | AE2: 57.518774 | AF2: 72.282555 | AG2: 75.884649 | AH2: 67.869322 | AI2: 93.808541 | AJ2: 91.052076 | AK2: 60.094766 | AL2: 94.106695 | AM2: 64.076194 | AN2: 56.881228 | AO2: 81.214396 | AP2: 72.430638 | AQ2: 87.449288 | AR2: 70 | AS2: 82.500446 | AT2: 0 | AU2: 0 | AV2: 0 | AW2: 0 | AX2: 0 | AY2: 0 | AZ2: 0 | BA2: 0 | BB2: 1 | BC2: 0 | BD2: 1 | BE2: 0 | BF2: 1 | BG2: 1 | BH2: 0 | BI2: 0 | BJ2: 0 | BK2: 0 | BL2: 0 | BM2: 0 | BN2: 0 | BO2: 0 | BP2: 1 | BQ2: 0 | BR2: 0 | BS2: 0 | BT2: 2 | BU2: 0 | BV2: 1 | BW2: 2 | BX2: 2 | BY2: 2 | BZ2: 3 | CA2: 0 | CB2: 0 | CC2: 0 | CD2: 0 | CE2: 0 | CF2: 1 | CG2: 0
A3: 708 | B3: 2014-15 | C3: Kevin Garnett | D3: BRK/MIN | F3: Garnett | G3: Kevin | K3: 69.07861 | L3: 47.179969 | M3: 47.649174 | N3: 69.376127 | O3: 90.001596 | P3: 25.10232 | Q3: 80.018006 | R3: 45.662686 | S3: 69.421969 | T3: 71.925968 | U3: 60.322343 | V3: 75.792738 | W3: 59.152335 | X3: 53.094222 | Y3: 91.314011 | Z3: 71.841931 | AA3: 71.448294 | AB3: 70.864656 | AC3: 65.694707 | AD3: 76.228688 | AE3: 62.439437 | AF3: 79.557099 | AG3: 56.578337 | AH3: 60.026844 | AI3: 94.037139 | AJ3: 84.054829 | AK3: 72.370345 | AL3: 93.93091 | AM3: 64.204587 | AN3: 57.638271 | AO3: 79.057258 | AP3: 65.135978 | AQ3: 87.256141 | AR3: 89.889813 | AS3: 78.012753 | AT3: 0 | AU3: 0 | AV3: 0 | AW3: 0 | AX3: 1 | AY3: 0 | AZ3: 0 | BA3: 2 | BB3: 2 | BC3: 0 | BD3: 2 | BE3: 0 | BF3: 0 | BG3: 0 | BH3: 0 | BI3: 0 | BJ3: 0 | BK3: 0 | BL3: 0 | BM3: 0 | BN3: 1 | BO3: 0 | BP3: 0 | BQ3: 0 | BR3: 0 | BS3: 0 | BT3: 1 | BU3: 0 | BV3: 1 | BW3: 1 | BX3: 1 | BY3: 1 | BZ3: 3 | CA3: 0 | CB3: 0 | CC3: 1 | CD3: 0 | CE3: 0 | CF3: 0 | CG3: 0
A4: 708 | B4: 2015-16 | C4: Kevin Garnett | D4: MIN | F4: Garnett | G4: Kevin | K4: 65.245256 | L4: 36.917468 | M4: 39.973194 | N4: 72.714043 | O4: 78.912202 | P4: 25 | Q4: 71.428967 | R4: 54.029298 | S4: 60.401338 | T4: 81.382569 | U4: 50.802472 | V4: 72.519086 | W4: 50.322581 | X4: 63.263558 | Y4: 85.821352 | Z4: 72.847313 | AA4: 68.852828 | AB4: 72.306198 | AC4: 56.331211 | AD4: 74.302093 | AE4: 72.39095 | AF4: 76.962799 | AG4: 51.939786 | AH4: 43.304433 | AI4: 82.169645 | AJ4: 80.549085 | AK4: 66.317656 | AL4: 95.177029 | AM4: 73.330075 | AN4: 63.721873 | AO4: 77.251158 | AP4: 61.599357 | AQ4: 85.25335 | AR4: 87.233702 | AS4: 70.861056 | AT4: 0 | AU4: 0 | AV4: 0 | AW4: 0 | AX4: 1 | AY4: 0 | AZ4: 0 | BA4: 0 | BB4: 0 | BC4: 0 | BD4: 0 | BE4: 0 | BF4: 0 | BG4: 0 | BH4: 0 | BI4: 0 | BJ4: 0 | BK4: 0 | BL4: 0 | BM4: 0 | BN4: 0 | BO4: 0 | BP4: 0 | BQ4: 1 | BR4: 0 | BS4: 0 | BT4: 0 | BU4: 0 | BV4: 1 | BW4: 1 | BX4: 1 | BY4: 2 | BZ4: 2 | CA4: 0 | CB4: 0 | CC4: 0 | CD4: 0 | CE4: 0 | CF4: 1 | CG4: 0
A5: 951 | B5: 2013-14 | C5: Ray Allen | D5: MIA | F5: Allen | G5: Ray | K5: 72.091306 | L5: 38.271424 | M5: 61.524491 | N5: 83.162382 | O5: 87.119534 | P5: 81.060657 | Q5: 88.938747 | R5: 46.92544 | S5: 52.995264 | T5: 61.468664 | U5: 56.629812 | V5: 92.681862 | W5: 74.706818 | X5: 40.401921 | Y5: 81.063784 | Z5: 71.242141 | AA5: 73.601045 | AB5: 72.273419 | AC5: 91.66036 | AD5: 32.830801 | AE5: 67.419503 | AF5: 61.007501 | AG5: 35.313091 | AH5: 39.003664 | AI5: 62.199031 | AJ5: 61.217801 | AK5: 56.929036 | AL5: 58.091207 | AM5: 58.131638 | AN5: 70.000047 | AO5: 64.530353 | AP5: 72.741946 | AQ5: 89.332651 | AR5: 81.122799 | AS5: 58.533628 | AT5: 0 | AU5: 1 | AV5: 0 | AW5: 0 | AX5: 1 | AY5: 0 | AZ5: 0 | BA5: 1 | BB5: 2 | BC5: 1 | BD5: 0 | BE5: 0 | BF5: 0 | BG5: 0 | BH5: 0 | BI5: 0 | BJ5: 0 | BK5: 0 | BL5: 0 | BM5: 0 | BN5: 1 | BO5: 0 | BP5: 0 | BQ5: 1 | BR5: 1 | BS5: 0 | BT5: 0 | BU5: 0 | BV5: 0 | BW5: 0 | BX5: 0 | BY5: 0 | BZ5: 0 | CA5: 0 | CB5: 2 | CC5: 0 | CD5: 1 | CE5: 2 | CF5: 1 | CG5: 0
A6: 959 | B6: 2013-14 | C6: Steve Nash | D6: LAL | F6: Nash | G6: Steve | K6: 72.800199 | L6: 29.752627 | M6: 63.434647 | N6: 75.35222 | O6: 82.888305 | P6: 77.67143 | Q6: 87.420813 | R6: 54.471756 | S6: 67.168378 | T6: 56.894376 | U6: 62.244484 | V6: 67.442573 | W6: 86.633604 | X6: 85.696732 | Y6: 98 | Z6: 90.341151 | AA6: 94.662285 | AB6: 91.832258 | AC6: 72.350904 | AD6: 34.828639 | AE6: 75.907955 | AF6: 53.616335 | AG6: 39.260242 | AH6: 34.523672 | AI6: 48.554622 | AJ6: 67.623104 | AK6: 52.7195 | AL6: 57.159793 | AM6: 83.913904 | AN6: 89.498035 | AO6: 40.513381 | AP6: 49.182345 | AQ6: 88.123577 | AR6: 63.018391 | AS6: 60.311615 | AT6: 0 | AU6: 2 | AV6: 1 | AW6: 0 | AX6: 3 | AY6: 0 | AZ6: 0 | BA6: 0 | BB6: 3 | BC6: 1 | BD6: 0 | BE6: 2 | BF6: 0 | BG6: 0 | BH6: 0 | BI6: 0 | BJ6: 0 | BK6: 3 | BL6: 0 | BM6: 1 | BN6: 2 | BO6: 1 | BP6: 0 | BQ6: 1 | BR6: 0 | BS6: 0 | BT6: 0 | BU6: 0 | BV6: 1 | BW6: 0 | BX6: 0 | BY6: 0 | BZ6: 0 | CA6: 0 | CB6: 0 | CC6: 0 | CD6: 2 | CE6: 0 | CF6: 2 | CG6: 0

Sheet 「Finishing」的副本
A1: NBA ID | B1: Season | C1: Player | D1: Layup Rating | F1: Layup | G1: Finishing Talent | H1: Rim Shot Creation | I1: Drives Per 75 Possessions | J1: Rim Shot Making | K1: Rim Shot Making Efficiency | L1: Paint Shooting Talent | M1: Paint Shooting Talent | N1: Paint Shooting Talent | O1: Rim Makes Consistency | P1: DRIVES | Q1: DRIVE_FGM | R1: Stable Rim FG% | S1: Contact Finish Rate | T1: Rim Attempt Consistency | U1: less_than_5ft_FGM | V1: Rim FG% | W1: Drive Foul Drawn Rate | X1: less_than_5ft_FG_PCT | Y1: Standing Dunk Rating | AA1: Standing Dunk | AB1: Standing_dunk_PG | AC1: Standing_dunk_FGM | AD1: dunkScore_total | AE1: dunkScore_average | AF1: dunkScore_max | AG1: Putback Frequency% | AH1: Putback Scoring Impact Per 75 Possessions | AI1: Stable Putback Points Per 75 | AJ1: Offensive Rebound | AK1: Offensive Rebounding Crashing Skill | AL1: PLAYER_HEIGHT_INCHES | AM1: Putback per Offensive Rebound | AN1: Driving Dunk Rating | AP1: Driving Dunk | AQ1: Drving Dunk_PG | AR1: Drving Dunk_FGM | AS1: Rim Shot Creation | AT1: dunkScore_max | AU1: dunkScore_total | AV1: dunkScore_average | AW1: jumpSubscore_average | AX1: powerSubscore_average | AY1: styleSubscore_average | AZ1: hangTime_average | BA1: takeoffDistance_average | BB1: DRIVES | BC1: DRIVE_FGM | BD1: Post Hook Rating | BF1: Post Hook | BG1: Hook_Shot_FGM | BH1: Hook_Shot_PG | BI1: Hook_Shot_FG% | BJ1: Post Up Shot Making | BK1: Post Up Impact Per 75 Possessions | BL1: POST_TOUCHES | BM1: Post Up Impact Per 75 Possessions | BN1: Stable Post Up PPP | BO1: Post Fade | BQ1: Post Fade | BR1: Fadeway_Shot_FGM | BS1: Fadeway_Shot_PG | BT1: Post Up Shot Making | BU1: Fadeway_Shot_FG% | BV1: Post Up Frequency% | BW1: Post Up Impact Per 75 Possessions | BX1: Stable Post Up PPP | BY1: Post Control | CA1: Post Control | CB1: POST_TOUCHES | CC1: Post Up Frequency% | CD1: Post Up Impact Per 75 Possessions | CE1: Post Up Shot Making | CF1: Stable Post Up PPP | CG1: PTS_PER_POST_TOUCH | CH1: Post Up Shot Quality | CI1: Post Up Draw Foul Rate | CJ1: Draw Foul | CL1: Draw Foul | CM1: FTA_per100 | CN1: FTA | CO1: Fouls Drawn / 75 | CP1: Stable Fouls Drawn Per 75 | CQ1: Stable Shooting Fouls Drawn Per 75 | CR1: Stable Non Shooting Fouls Drawn Per 75 | CS1: Stable FTA Per 75 | CT1: Drive Foul Drawn Rate | CU1: Isolation Foul Drawn Rate | CV1: Post Up Draw Foul Rate | CW1: Hands | CY1: Hands | CZ1: Playmaking Talent | DA1: Touches Per 75 | DB1: TOUCHES
A2: 708 | B2: 2013-14 | C2: Kevin Garnett | D2: =IF(E2 <= PERCENTILE(E:E, 0.25), 25 + (E2 - MIN(E:E)) * (66 - 25) / (PERCENTILE(E:E, 0.25) - MIN(E:E)), IF(E2 <= PERCENTILE(E:E, 0.5), 66 + (E2 - PERCENTILE(E:E, 0.25)) * (73 - 66) / (PERCENTILE(E:E, 0.5) - PERCENTILE(E:E, 0.25)), IF(E2 <= PERCENTILE(E:E, 0.75), 73 + (E2 - PERCENTILE(E:E, 0.5)) * (80 - 73) / (PERCENTILE(E:E, 0.75) - PERCENTILE(E:E, 0.5)), IF(E2 <= PERCENTILE(E:E, 0.85), 80 + (E2 - PERCENTILE(E:E, 0.75)) * (84.45 - 80) / (PERCENTILE(E:E, 0.85) - PERCENTILE(E:E, 0.75)), IF(E2 <= PERCENTILE(E:E, 0.92), 84.45 + (E2 - PERCENTILE(E:E, 0.85)) * (89 - 84.45) / (PERCENTILE(E:E, 0.92) - PERCENTILE(E:E, 0.85)), IF(E2 <= PERCENTILE(E:E, 0.96), 89 + (E2 - PERCENTILE(E:E, 0.92)) * (94 - 89) / (PERCENTILE(E:E, 0.96) - PERCENTILE(E:E, 0.92)), IF(E2 <= PERCENTILE(E:E, 0.99), 94 + (E2 - PERCENTILE(E:E, 0.96)) * (98 - 94) / (PERCENTILE(E:E, 0.99) - PERCENTILE(E:E, 0.96)), 98 + (E2 - PERCENTILE(E:E, 0.99)) * (100 - 98) / (PERCENTILE(E:E, 1) - PERCENTILE(E:E, 0.99)) ))))))) -> 25 | E2: =(F2-MEDIAN(F:F))/STDEV(F:F) -> -1.2928819 | F2: =iferror(if(ISBLANK(G2:Q2),-0.5,AVERAGE(G2:Q2))*0.8+iferror(AVERAGE(R2:U2, 0)*0.15, 0)+iferror(AVERAGE(V2:X2, 0)*0.5, 0), -1) -> -0.85350788 | G2: -1.0095531 | H2: -1.0846131 | I2: -1.0530508 | J2: -1.0196089 | K2: -1.4463518 | L2: -0.65712904 | M2: -0.65712904 | N2: -0.65712904 | O2: 0.17962185 | P2: -0.81314307 | Q2: -0.70369549 | R2: -1.1155262 | S2: -0.45190796 | T2: 0.40596452 | U2: -0.53888537 | V2: -0.24619975 | W2: -0.91312151 | X2: -0.069801808 | Y2: =IF(Z2 <= PERCENTILE(Z:Z, 0.25), 25 + (Z2 - MIN(Z:Z)) * (30 - 25) / (PERCENTILE(Z:Z, 0.25) - MIN(Z:Z)), IF(Z2 <= PERCENTILE(Z:Z, 0.4), 30 + (Z2 - PERCENTILE(Z:Z, 0.25)) * (40 - 30) / (PERCENTILE(Z:Z, 0.4) - PERCENTILE(Z:Z, 0.25)), IF(Z2 <= PERCENTILE(Z:Z, 0.55), 40 + (Z2 - PERCENTILE(Z:Z, 0.4)) * (50 - 40) / (PERCENTILE(Z:Z, 0.55) - PERCENTILE(Z:Z, 0.4)), IF(Z2 <= PERCENTILE(Z:Z, 0.7), 50 + (Z2 - PERCENTILE(Z:Z, 0.55)) * (65 - 50) / (PERCENTILE(Z:Z, 0.7) - PERCENTILE(Z:Z, 0.55)), IF(Z2 <= PERCENTILE(Z:Z, 0.85), 65 + (Z2 - PERCENTILE(Z:Z, 0.7)) * (80 - 65) / (PERCENTILE(Z:Z, 0.85) - PERCENTILE(Z:Z, 0.7)), IF(Z2 <= PERCENTILE(Z:Z, 0.95), 80 + (Z2 - PERCENTILE(Z:Z, 0.85)) * (90 - 80) / (PERCENTILE(Z:Z, 0.95) - PERCENTILE(Z:Z, 0.85)), IF(Z2 <= PERCENTILE(Z:Z, 0.99), 90 + (Z2 - PERCENTILE(Z:Z, 0.95)) * (96 - 90) / (PERCENTILE(Z:Z, 0.99) - PERCENTILE(Z:Z, 0.95)), 96 + (Z2 - PERCENTILE(Z:Z, 0.99)) * (100 - 96) / (PERCENTILE(Z:Z, 1) - PERCENTILE(Z:Z, 0.99)) ))))))) -> 100 | Z2: =(AA2-MEDIAN(AA:AA))/STDEV(AA:AA) -> 2.0219107 | AA2: =IFERROR(AVERAGE(AB2:AD2)*0.7+AVERAGE(AE2:AL2)*0.25+AM2*0.05, -1) -> 0.012628823 | AB2: 0.031148611 | AC2: -0.00060220972 | AG2: 0.15826429 | AH2: -1.1667744 | AI2: -0.0038992041 | AJ2: 0.31441664 | AK2: -1.1854735 | AL2: 1.2898873 | AM2: 0.53340068 | AN2: =IF(AO2 <= PERCENTILE(AO:AO, 0.15), 25 + (AO2 - MIN(AO:AO)) * (41 - 25) / (PERCENTILE(AO:AO, 0.15) - MIN(AO:AO)), IF(AO2 <= PERCENTILE(AO:AO, 0.3), 41 + (AO2 - PERCENTILE(AO:AO, 0.15)) * (55 - 41) / (PERCENTILE(AO:AO, 0.3) - PERCENTILE(AO:AO, 0.15)), IF(AO2 <= PERCENTILE(AO:AO, 0.5), 55 + (AO2 - PERCENTILE(AO:AO, 0.3)) * (65 - 55) / (PERCENTILE(AO:AO, 0.5) - PERCENTILE(AO:AO, 0.3)), IF(AO2 <= PERCENTILE(AO:AO, 0.7), 65 + (AO2 - PERCENTILE(AO:AO, 0.5)) * (75 - 65) / (PERCENTILE(AO:AO, 0.7) - PERCENTILE(AO:AO, 0.5)), IF(AO2 <= PERCENTILE(AO:AO, 0.85), 75 + (AO2 - PERCENTILE(AO:AO, 0.7)) * (80 - 75) / (PERCENTILE(AO:AO, 0.85) - PERCENTILE(AO:AO, 0.7)), IF(AO2 <= PERCENTILE(AO:AO, 0.95), 80 + (AO2 - PERCENTILE(AO:AO, 0.85)) * (90 - 80) / (PERCENTILE(AO:AO, 0.95) - PERCENTILE(AO:AO, 0.85)), 90 + (AO2 - PERCENTILE(AO:AO, 0.95)) * (100 - 90) / (PERCENTILE(AO:AO, 1) - PERCENTILE(AO:AO, 0.95)) )))))) -> 65 | AO2: =(AP2-MEDIAN(AP:AP))/STDEV(AP:AP) -> 0 | AP2: =IFERROR(AQ2*0.4+AVERAGE(AR2:AU2)*0.45+AVERAGE(AV2:BC2)*0.15, -1) -> -0.39159398 | AQ2: -0.041478275 | AR2: -0.07863974 | AS2: -1.0846131 | BB2: -0.80963423 | BC2: -0.70064283 | BD2: =IF(BE2 <= PERCENTILE(BE:BE, 0.05), 25 + (BE2 - MIN(BE:BE)) * (26 - 25) / (PERCENTILE(BE:BE, 0.05) - MIN(BE:BE)), IF(BE2 <= PERCENTILE(BE:BE, 0.15), 26 + (BE2 - PERCENTILE(BE:BE, 0.05)) * (28 - 26) / (PERCENTILE(BE:BE, 0.15) - PERCENTILE(BE:BE, 0.05)), IF(BE2 <= PERCENTILE(BE:BE, 0.25), 28 + (BE2 - PERCENTILE(BE:BE, 0.15)) * (35 - 28) / (PERCENTILE(BE:BE, 0.25) - PERCENTILE(BE:BE, 0.15)), IF(BE2 <= PERCENTILE(BE:BE, 0.4), 35 + (BE2 - PERCENTILE(BE:BE, 0.25)) * (44 - 35) / (PERCENTILE(BE:BE, 0.4) - PERCENTILE(BE:BE, 0.25)), IF(BE2 <= PERCENTILE(BE:BE, 0.6), 44 + (BE2 - PERCENTILE(BE:BE, 0.4)) * (56 - 44) / (PERCENTILE(BE:BE, 0.6) - PERCENTILE(BE:BE, 0.4)), IF(BE2 <= PERCENTILE(BE:BE, 0.8), 56 + (BE2 - PERCENTILE(BE:BE, 0.6)) * (69 - 56) / (PERCENTILE(BE:BE, 0.8) - PERCENTILE(BE:BE, 0.6)), IF(BE2 <= PERCENTILE(BE:BE, 0.95), 69 + (BE2 - PERCENTILE(BE:BE, 0.8)) * (86 - 69) / (PERCENTILE(BE:BE, 0.95) - PERCENTILE(BE:BE, 0.8)), 86 + (BE2 - PERCENTILE(BE:BE, 0.95)) * (100 - 86) / (PERCENTILE(BE:BE, 1) - PERCENTILE(BE:BE, 0.95)) ))))))) -> 100 | BE2: =(BF2-AVERAGE(BF:BF))/STDEV(BF:BF) -> 1.2782488 | BF2: =IFERROR(AVERAGE(BG2:BJ2),"")*0.9+IFERROR(AVERAGE(BK2:BN2), 0)*0.1 -> 0.061139912 | BG2: -0.20065136 | BH2: -0.18072242 | BI2: 0.34369439 | BJ2: 0.26364685 | BK2: -0.18214161 | BL2: 0.91545821 | BM2: -0.17910011 | BN2: -0.14232711 | BO2: =IF(BP2 <= PERCENTILE(BP:BP, 0.1), 25 + (BP2 - MIN(BP:BP)) * (34 - 25) / (PERCENTILE(BP:BP, 0.1) - MIN(BP:BP)), IF(BP2 <= PERCENTILE(BP:BP, 0.2), 34 + (BP2 - PERCENTILE(BP:BP, 0.1)) * (41 - 34) / (PERCENTILE(BP:BP, 0.2) - PERCENTILE(BP:BP, 0.1)), IF(BP2 <= PERCENTILE(BP:BP, 0.35), 41 + (BP2 - PERCENTILE(BP:BP, 0.2)) * (49 - 41) / (PERCENTILE(BP:BP, 0.35) - PERCENTILE(BP:BP, 0.2)), IF(BP2 <= PERCENTILE(BP:BP, 0.55), 49 + (BP2 - PERCENTILE(BP:BP, 0.35)) * (58 - 49) / (PERCENTILE(BP:BP, 0.55) - PERCENTILE(BP:BP, 0.35)), IF(BP2 <= PERCENTILE(BP:BP, 0.75), 58 + (BP2 - PERCENTILE(BP:BP, 0.55)) * (67 - 58) / (PERCENTILE(BP:BP, 0.75) - PERCENTILE(BP:BP, 0.55)), IF(BP2 <= PERCENTILE(BP:BP, 0.88), 67 + (BP2 - PERCENTILE(BP:BP, 0.75)) * (78 - 67) / (PERCENTILE(BP:BP, 0.88) - PERCENTILE(BP:BP, 0.75)), IF(BP2 <= PERCENTILE(BP:BP, 0.96), 78 + (BP2 - PERCENTILE(BP:BP, 0.88)) * (88 - 78) / (PERCENTILE(BP:BP, 0.96) - PERCENTILE(BP:BP, 0.88)), 88 + (BP2 - PERCENTILE(BP:BP, 0.96)) * (100 - 88) / (PERCENTILE(BP:BP, 1) - PERCENTILE(BP:BP, 0.96)) ))))))) -> 57.973775 | BP2: =(BQ2-AVERAGE(BQ:BQ))/STDEV(BQ:BQ) -> 0.47528595 | BQ2: =BR2*0.3+BS2*0.3+BT2*0.3+IFERROR(AVERAGE(BU2:BX2)*0.1, 0) -> 0.0086255249 | BR2: -0.19134729 | BS2: -0.17153482 | BT2: 0.26364685 | BU2: 0.028676406 | BV2: 1.8285951 | BW2: -0.17910011 | BX2: -0.14232711 | BY2: =IF(BZ2 <= PERCENTILE(BZ:BZ, 0.1), 25 + (BZ2 - MIN(BZ:BZ)) * (29 - 25) / (PERCENTILE(BZ:BZ, 0.1) - MIN(BZ:BZ)), IF(BZ2 <= PERCENTILE(BZ:BZ, 0.2), 29 + (BZ2 - PERCENTILE(BZ:BZ, 0.1)) * (36 - 29) / (PERCENTILE(BZ:BZ, 0.2) - PERCENTILE(BZ:BZ, 0.1)), IF(BZ2 <= PERCENTILE(BZ:BZ, 0.3), 36 + (BZ2 - PERCENTILE(BZ:BZ, 0.2)) * (43 - 36) / (PERCENTILE(BZ:BZ, 0.3) - PERCENTILE(BZ:BZ, 0.2)), IF(BZ2 <= PERCENTILE(BZ:BZ, 0.4), 43 + (BZ2 - PERCENTILE(BZ:BZ, 0.3)) * (49 - 43) / (PERCENTILE(BZ:BZ, 0.4) - PERCENTILE(BZ:BZ, 0.3)), IF(BZ2 <= PERCENTILE(BZ:BZ, 0.5), 49 + (BZ2 - PERCENTILE(BZ:BZ, 0.4)) * (55 - 49) / (PERCENTILE(BZ:BZ, 0.5) - PERCENTILE(BZ:BZ, 0.4)), IF(BZ2 <= PERCENTILE(BZ:BZ, 0.6), 55 + (BZ2 - PERCENTILE(BZ:BZ, 0.5)) * (60 - 55) / (PERCENTILE(BZ:BZ, 0.6) - PERCENTILE(BZ:BZ, 0.5)), IF(BZ2 <= PERCENTILE(BZ:BZ, 0.7), 60 + (BZ2 - PERCENTILE(BZ:BZ, 0.6)) * (66 - 60) / (PERCENTILE(BZ:BZ, 0.7) - PERCENTILE(BZ:BZ, 0.6)), IF(BZ2 <= PERCENTILE(BZ:BZ, 0.8), 66 + (BZ2 - PERCENTILE(BZ:BZ, 0.7)) * (71 - 66) / (PERCENTILE(BZ:BZ, 0.8) - PERCENTILE(BZ:BZ, 0.7)), IF(BZ2 <= PERCENTILE(BZ:BZ, 0.9), 71 + (BZ2 - PERCENTILE(BZ:BZ, 0.8)) * (81 - 71) / (PERCENTILE(BZ:BZ, 0.9) - PERCENTILE(BZ:BZ, 0.8)), IF(BZ2 <= PERCENTILE(BZ:BZ, 0.95), 81 + (BZ2 - PERCENTILE(BZ:BZ, 0.9)) * (88 - 81) / (PERCENTILE(BZ:BZ, 0.95) - PERCENTILE(BZ:BZ, 0.9)), 88 + (BZ2 - PERCENTILE(BZ:BZ, 0.95)) * (100 - 88) / (PERCENTILE(BZ:BZ, 1) - PERCENTILE(BZ:BZ, 0.95)) )))))))))) -> 69.342134 | BZ2: =(CA2-MEDIAN(CA:CA))/STDEV(CA:CA) -> 0.89922645 | CA2: =IFERROR(AVERAGE(CB2:CF2)*0.9+AVERAGE(CG2:CI2)*0.1, -1) -> 0.4341758 | CB2: 0.91545821 | CC2: 1.8469334 | CD2: -0.18214161 | CE2: 0.26364685 | CF2: -0.14232711 | CG2: 0.35890909 | CH2: -2.1493834 | CI2: 0.22727195 | CJ2: =IF(CK2 <= PERCENTILE(CK:CK, 0.1), 25 + (CK2 - MIN(CK:CK)) * (40 - 25) / (PERCENTILE(CK:CK, 0.1) - MIN(CK:CK)), IF(CK2 <= PERCENTILE(CK:CK, 0.2), 40 + (CK2 - PERCENTILE(CK:CK, 0.1)) * (47 - 40) / (PERCENTILE(CK:CK, 0.2) - PERCENTILE(CK:CK, 0.1)), IF(CK2 <= PERCENTILE(CK:CK, 0.3), 47 + (CK2 - PERCENTILE(CK:CK, 0.2)) * (50 - 47) / (PERCENTILE(CK:CK, 0.3) - PERCENTILE(CK:CK, 0.2)), IF(CK2 <= PERCENTILE(CK:CK, 0.4), 50 + (CK2 - PERCENTILE(CK:CK, 0.3)) * (56 - 50) / (PERCENTILE(CK:CK, 0.4) - PERCENTILE(CK:CK, 0.3)), IF(CK2 <= PERCENTILE(CK:CK, 0.5), 56 + (CK2 - PERCENTILE(CK:CK, 0.4)) * (61 - 56) / (PERCENTILE(CK:CK, 0.5) - PERCENTILE(CK:CK, 0.4)), IF(CK2 <= PERCENTILE(CK:CK, 0.6), 61 + (CK2 - PERCENTILE(CK:CK, 0.5)) * (66 - 61) / (PERCENTILE(CK:CK, 0.6) - PERCENTILE(CK:CK, 0.5)), IF(CK2 <= PERCENTILE(CK:CK, 0.7), 66 + (CK2 - PERCENTILE(CK:CK, 0.6)) * (70 - 66) / (PERCENTILE(CK:CK, 0.7) - PERCENTILE(CK:CK, 0.6)), IF(CK2 <= PERCENTILE(CK:CK, 0.8), 70 + (CK2 - PERCENTILE(CK:CK, 0.7)) * (75 - 70) / (PERCENTILE(CK:CK, 0.8) - PERCENTILE(CK:CK, 0.7)), IF(CK2 <= PERCENTILE(CK:CK, 0.9), 75 + (CK2 - PERCENTILE(CK:CK, 0.8)) * (84 - 75) / (PERCENTILE(CK:CK, 0.9) - PERCENTILE(CK:CK, 0.8)), IF(CK2 <= PERCENTILE(CK:CK, 0.95), 84 + (CK2 - PERCENTILE(CK:CK, 0.9)) * (90 - 84) / (PERCENTILE(CK:CK, 0.95) - PERCENTILE(CK:CK, 0.9)), 90 + (CK2 - PERCENTILE(CK:CK, 0.95)) * (100 - 90) / (PERCENTILE(CK:CK, 1) - PERCENTILE(CK:CK, 0.95)) )))))))))) -> 48.018458 | CK2: =(CL2-MEDIAN(CL:CL))/STDEV(CL:CL) -> -0.75682726 | CL2: =IFERROR(AVERAGE(CM2:CS2)*0.85+IFERROR(AVERAGE(CT2:CU2), 0)*0.1+CV2*0.05,-1) -> -0.54511797 | CM2: -0.64966504 | CN2: -0.52025117 | CO2: -0.17917077 | CP2: -0.28076875 | CQ2: -0.7628479 | CR2: -0.66320138 | CS2: -0.85814246 | CT2: -0.90795915 | CU2: -0.71612828 | CV2: 0.22727195 | CW2: =IF(CX2 <= PERCENTILE(CX:CX, 0.1), 25 + (CX2 - MIN(CX:CX)) * (62 - 25) / (PERCENTILE(CX:CX, 0.1) - MIN(CX:CX)), IF(CX2 <= PERCENTILE(CX:CX, 0.2), 62 + (CX2 - PERCENTILE(CX:CX, 0.1)) * (70 - 62) / (PERCENTILE(CX:CX, 0.2) - PERCENTILE(CX:CX, 0.1)), IF(CX2 <= PERCENTILE(CX:CX, 0.3), 70 + (CX2 - PERCENTILE(CX:CX, 0.2)) * (75 - 70) / (PERCENTILE(CX:CX, 0.3) - PERCENTILE(CX:CX, 0.2)), IF(CX2 <= PERCENTILE(CX:CX, 0.4), 75 + (CX2 - PERCENTILE(CX:CX, 0.3)) * (78 - 75) / (PERCENTILE(CX:CX, 0.4) - PERCENTILE(CX:CX, 0.3)), IF(CX2 <= PERCENTILE(CX:CX, 0.5), 78 + (CX2 - PERCENTILE(CX:CX, 0.4)) * (80 - 78) / (PERCENTILE(CX:CX, 0.5) - PERCENTILE(CX:CX, 0.4)), IF(CX2 <= PERCENTILE(CX:CX, 0.6), 80 + (CX2 - PERCENTILE(CX:CX, 0.5)) * (83 - 80) / (PERCENTILE(CX:CX, 0.6) - PERCENTILE(CX:CX, 0.5)), IF(CX2 <= PERCENTILE(CX:CX, 0.7), 83 + (CX2 - PERCENTILE(CX:CX, 0.6)) * (85 - 83) / (PERCENTILE(CX:CX, 0.7) - PERCENTILE(CX:CX, 0.6)), IF(CX2 <= PERCENTILE(CX:CX, 0.8), 85 + (CX2 - PERCENTILE(CX:CX, 0.7)) * (90 - 85) / (PERCENTILE(CX:CX, 0.8) - PERCENTILE(CX:CX, 0.7)), IF(CX2 <= PERCENTILE(CX:CX, 0.88), 90 + (CX2 - PERCENTILE(CX:CX, 0.8)) * (95 - 90) / (PERCENTILE(CX:CX, 0.88) - PERCENTILE(CX:CX, 0.8)), IF(CX2 <= PERCENTILE(CX:CX, 0.94), 95 + (CX2 - PERCENTILE(CX:CX, 0.88)) * (98 - 95) / (PERCENTILE(CX:CX, 0.94) - PERCENTILE(CX:CX, 0.88)), IF(CX2 <= PERCENTILE(CX:CX, 0.98), 98, 98 + (CX2 - PERCENTILE(CX:CX, 0.98)) * (100 - 98) / (PERCENTILE(CX:CX, 1) - PERCENTILE(CX:CX, 0.98)) ))))))))))) -> 80 | CX2: =(CY2-MEDIAN(CY:CY))/STDEV(CY:CY) -> 0 | CY2: =IFERROR(AVERAGE(CZ2:DB2), -2) -> 0.42302324 | CZ2: -0.53695765 | DA2: 1.3418202 | DB2: 0.46420716
A3: 708 | B3: 2014-15 | C3: Kevin Garnett | D3: =IF(E3 <= PERCENTILE(E:E, 0.25), 25 + (E3 - MIN(E:E)) * (66 - 25) / (PERCENTILE(E:E, 0.25) - MIN(E:E)), IF(E3 <= PERCENTILE(E:E, 0.5), 66 + (E3 - PERCENTILE(E:E, 0.25)) * (73 - 66) / (PERCENTILE(E:E, 0.5) - PERCENTILE(E:E, 0.25)), IF(E3 <= PERCENTILE(E:E, 0.75), 73 + (E3 - PERCENTILE(E:E, 0.5)) * (80 - 73) / (PERCENTILE(E:E, 0.75) - PERCENTILE(E:E, 0.5)), IF(E3 <= PERCENTILE(E:E, 0.85), 80 + (E3 - PERCENTILE(E:E, 0.75)) * (84.45 - 80) / (PERCENTILE(E:E, 0.85) - PERCENTILE(E:E, 0.75)), IF(E3 <= PERCENTILE(E:E, 0.92), 84.45 + (E3 - PERCENTILE(E:E, 0.85)) * (89 - 84.45) / (PERCENTILE(E:E, 0.92) - PERCENTILE(E:E, 0.85)), IF(E3 <= PERCENTILE(E:E, 0.96), 89 + (E3 - PERCENTILE(E:E, 0.92)) * (94 - 89) / (PERCENTILE(E:E, 0.96) - PERCENTILE(E:E, 0.92)), IF(E3 <= PERCENTILE(E:E, 0.99), 94 + (E3 - PERCENTILE(E:E, 0.96)) * (98 - 94) / (PERCENTILE(E:E, 0.99) - PERCENTILE(E:E, 0.96)), 98 + (E3 - PERCENTILE(E:E, 0.99)) * (100 - 98) / (PERCENTILE(E:E, 1) - PERCENTILE(E:E, 0.99)) ))))))) -> 73 | E3: =(F3-MEDIAN(F:F))/STDEV(F:F) -> 0 | F3: =iferror(if(ISBLANK(G3:Q3),-0.5,AVERAGE(G3:Q3))*0.8+iferror(AVERAGE(R3:U3, 0)*0.15, 0)+iferror(AVERAGE(V3:X3, 0)*0.5, 0), -1) -> -0.46489189 | G3: -0.9864258 | H3: -1.2085768 | I3: -1.0509722 | J3: -0.72519606 | K3: -0.95705144 | L3: -0.10183865 | M3: -0.10183865 | N3: -0.10183865 | O3: -0.22847268 | P3: -0.81314307 | Q3: -0.82146442 | R3: -1.2437634 | S3: 0.15671153 | T3: -0.40336846 | U3: -0.70529057 | V3: -0.3360142 | W3: 1.4547977 | X3: -0.18189001 | Y3: =IF(Z3 <= PERCENTILE(Z:Z, 0.25), 25 + (Z3 - MIN(Z:Z)) * (30 - 25) / (PERCENTILE(Z:Z, 0.25) - MIN(Z:Z)), IF(Z3 <= PERCENTILE(Z:Z, 0.4), 30 + (Z3 - PERCENTILE(Z:Z, 0.25)) * (40 - 30) / (PERCENTILE(Z:Z, 0.4) - PERCENTILE(Z:Z, 0.25)), IF(Z3 <= PERCENTILE(Z:Z, 0.55), 40 + (Z3 - PERCENTILE(Z:Z, 0.4)) * (50 - 40) / (PERCENTILE(Z:Z, 0.55) - PERCENTILE(Z:Z, 0.4)), IF(Z3 <= PERCENTILE(Z:Z, 0.7), 50 + (Z3 - PERCENTILE(Z:Z, 0.55)) * (65 - 50) / (PERCENTILE(Z:Z, 0.7) - PERCENTILE(Z:Z, 0.55)), IF(Z3 <= PERCENTILE(Z:Z, 0.85), 65 + (Z3 - PERCENTILE(Z:Z, 0.7)) * (80 - 65) / (PERCENTILE(Z:Z, 0.85) - PERCENTILE(Z:Z, 0.7)), IF(Z3 <= PERCENTILE(Z:Z, 0.95), 80 + (Z3 - PERCENTILE(Z:Z, 0.85)) * (90 - 80) / (PERCENTILE(Z:Z, 0.95) - PERCENTILE(Z:Z, 0.85)), IF(Z3 <= PERCENTILE(Z:Z, 0.99), 90 + (Z3 - PERCENTILE(Z:Z, 0.95)) * (96 - 90) / (PERCENTILE(Z:Z, 0.99) - PERCENTILE(Z:Z, 0.95)), 96 + (Z3 - PERCENTILE(Z:Z, 0.99)) * (100 - 96) / (PERCENTILE(Z:Z, 1) - PERCENTILE(Z:Z, 0.99)) ))))))) -> 67.684122 | Z3: =(AA3-MEDIAN(AA:AA))/STDEV(AA:AA) -> 0.61377712 | AA3: =IFERROR(AVERAGE(AB3:AD3)*0.7+AVERAGE(AE3:AL3)*0.25+AM3*0.05, -1) -> -0.33054433 | AB3: -0.41543679 | AC3: -0.38838591 | AG3: 0.11512386 | AH3: -1.3181872 | AI3: -0.21817449 | AJ3: -0.030423211 | AK3: -1.4365355 | AL3: 1.2898873 | AM3: 0.34779666 | AN3: =IF(AO3 <= PERCENTILE(AO:AO, 0.15), 25 + (AO3 - MIN(AO:AO)) * (41 - 25) / (PERCENTILE(AO:AO, 0.15) - MIN(AO:AO)), IF(AO3 <= PERCENTILE(AO:AO, 0.3), 41 + (AO3 - PERCENTILE(AO:AO, 0.15)) * (55 - 41) / (PERCENTILE(AO:AO, 0.3) - PERCENTILE(AO:AO, 0.15)), IF(AO3 <= PERCENTILE(AO:AO, 0.5), 55 + (AO3 - PERCENTILE(AO:AO, 0.3)) * (65 - 55) / (PERCENTILE(AO:AO, 0.5) - PERCENTILE(AO:AO, 0.3)), IF(AO3 <= PERCENTILE(AO:AO, 0.7), 65 + (AO3 - PERCENTILE(AO:AO, 0.5)) * (75 - 65) / (PERCENTILE(AO:AO, 0.7) - PERCENTILE(AO:AO, 0.5)), IF(AO3 <= PERCENTILE(AO:AO, 0.85), 75 + (AO3 - PERCENTILE(AO:AO, 0.7)) * (80 - 75) / (PERCENTILE(AO:AO, 0.85) - PERCENTILE(AO:AO, 0.7)), IF(AO3 <= PERCENTILE(AO:AO, 0.95), 80 + (AO3 - PERCENTILE(AO:AO, 0.85)) * (90 - 80) / (PERCENTILE(AO:AO, 0.95) - PERCENTILE(AO:AO, 0.85)), 90 + (AO3 - PERCENTILE(AO:AO, 0.95)) * (100 - 90) / (PERCENTILE(AO:AO, 1) - PERCENTILE(AO:AO, 0.95)) )))))) -> 48.356951 | AO3: =(AP3-MEDIAN(AP:AP))/STDEV(AP:AP) -> -1.2368385 | AP3: =IFERROR(AQ3*0.4+AVERAGE(AR3:AU3)*0.45+AVERAGE(AV3:BC3)*0.15, -1) -> -0.75522804 | AQ3: -0.59443757 | AR3: -0.54850115 | AS3: -1.2085768 | BB3: -0.80963423 | BC3: -0.81850527 | BD3: =IF(BE3 <= PERCENTILE(BE:BE, 0.05), 25 + (BE3 - MIN(BE:BE)) * (26 - 25) / (PERCENTILE(BE:BE, 0.05) - MIN(BE:BE)), IF(BE3 <= PERCENTILE(BE:BE, 0.15), 26 + (BE3 - PERCENTILE(BE:BE, 0.05)) * (28 - 26) / (PERCENTILE(BE:BE, 0.15) - PERCENTILE(BE:BE, 0.05)), IF(BE3 <= PERCENTILE(BE:BE, 0.25), 28 + (BE3 - PERCENTILE(BE:BE, 0.15)) * (35 - 28) / (PERCENTILE(BE:BE, 0.25) - PERCENTILE(BE:BE, 0.15)), IF(BE3 <= PERCENTILE(BE:BE, 0.4), 35 + (BE3 - PERCENTILE(BE:BE, 0.25)) * (44 - 35) / (PERCENTILE(BE:BE, 0.4) - PERCENTILE(BE:BE, 0.25)), IF(BE3 <= PERCENTILE(BE:BE, 0.6), 44 + (BE3 - PERCENTILE(BE:BE, 0.4)) * (56 - 44) / (PERCENTILE(BE:BE, 0.6) - PERCENTILE(BE:BE, 0.4)), IF(BE3 <= PERCENTILE(BE:BE, 0.8), 56 + (BE3 - PERCENTILE(BE:BE, 0.6)) * (69 - 56) / (PERCENTILE(BE:BE, 0.8) - PERCENTILE(BE:BE, 0.6)), IF(BE3 <= PERCENTILE(BE:BE, 0.95), 69 + (BE3 - PERCENTILE(BE:BE, 0.8)) * (86 - 69) / (PERCENTILE(BE:BE, 0.95) - PERCENTILE(BE:BE, 0.8)), 86 + (BE3 - PERCENTILE(BE:BE, 0.95)) * (100 - 86) / (PERCENTILE(BE:BE, 1) - PERCENTILE(BE:BE, 0.95)) ))))))) -> 25 | BE3: =(BF3-AVERAGE(BF:BF))/STDEV(BF:BF) -> -1.12449 | BF3: =IFERROR(AVERAGE(BG3:BJ3),"")*0.9+IFERROR(AVERAGE(BK3:BN3), 0)*0.1 -> -0.22471937 | BG3: -0.21802163 | BH3: -0.13529033 | BI3: 0.08462814 | BJ3: -0.49580012 | BK3: -1.1844828 | BL3: 0.91545821 | BM3: -1.1666497 | BN3: -0.67274497 | BO3: =IF(BP3 <= PERCENTILE(BP:BP, 0.1), 25 + (BP3 - MIN(BP:BP)) * (34 - 25) / (PERCENTILE(BP:BP, 0.1) - MIN(BP:BP)), IF(BP3 <= PERCENTILE(BP:BP, 0.2), 34 + (BP3 - PERCENTILE(BP:BP, 0.1)) * (41 - 34) / (PERCENTILE(BP:BP, 0.2) - PERCENTILE(BP:BP, 0.1)), IF(BP3 <= PERCENTILE(BP:BP, 0.35), 41 + (BP3 - PERCENTILE(BP:BP, 0.2)) * (49 - 41) / (PERCENTILE(BP:BP, 0.35) - PERCENTILE(BP:BP, 0.2)), IF(BP3 <= PERCENTILE(BP:BP, 0.55), 49 + (BP3 - PERCENTILE(BP:BP, 0.35)) * (58 - 49) / (PERCENTILE(BP:BP, 0.55) - PERCENTILE(BP:BP, 0.35)), IF(BP3 <= PERCENTILE(BP:BP, 0.75), 58 + (BP3 - PERCENTILE(BP:BP, 0.55)) * (67 - 58) / (PERCENTILE(BP:BP, 0.75) - PERCENTILE(BP:BP, 0.55)), IF(BP3 <= PERCENTILE(BP:BP, 0.88), 67 + (BP3 - PERCENTILE(BP:BP, 0.75)) * (78 - 67) / (PERCENTILE(BP:BP, 0.88) - PERCENTILE(BP:BP, 0.75)), IF(BP3 <= PERCENTILE(BP:BP, 0.96), 78 + (BP3 - PERCENTILE(BP:BP, 0.88)) * (88 - 78) / (PERCENTILE(BP:BP, 0.96) - PERCENTILE(BP:BP, 0.88)), 88 + (BP3 - PERCENTILE(BP:BP, 0.96)) * (100 - 88) / (PERCENTILE(BP:BP, 1) - PERCENTILE(BP:BP, 0.96)) ))))))) -> 100 | BP3: =(BQ3-AVERAGE(BQ:BQ))/STDEV(BQ:BQ) -> 1.0737801 | BQ3: =BR3*0.3+BS3*0.3+BT3*0.3+IFERROR(AVERAGE(BU3:BX3)*0.1, 0) -> 0.10707831 | BR3: 0.27936357 | BS3: 0.52328023 | BT3: -0.49580012 | BU3: 0.36311886 | BV3: 2.0772839 | BW3: -1.1666497 | BX3: -0.67274497 | BY3: =IF(BZ3 <= PERCENTILE(BZ:BZ, 0.1), 25 + (BZ3 - MIN(BZ:BZ)) * (29 - 25) / (PERCENTILE(BZ:BZ, 0.1) - MIN(BZ:BZ)), IF(BZ3 <= PERCENTILE(BZ:BZ, 0.2), 29 + (BZ3 - PERCENTILE(BZ:BZ, 0.1)) * (36 - 29) / (PERCENTILE(BZ:BZ, 0.2) - PERCENTILE(BZ:BZ, 0.1)), IF(BZ3 <= PERCENTILE(BZ:BZ, 0.3), 36 + (BZ3 - PERCENTILE(BZ:BZ, 0.2)) * (43 - 36) / (PERCENTILE(BZ:BZ, 0.3) - PERCENTILE(BZ:BZ, 0.2)), IF(BZ3 <= PERCENTILE(BZ:BZ, 0.4), 43 + (BZ3 - PERCENTILE(BZ:BZ, 0.3)) * (49 - 43) / (PERCENTILE(BZ:BZ, 0.4) - PERCENTILE(BZ:BZ, 0.3)), IF(BZ3 <= PERCENTILE(BZ:BZ, 0.5), 49 + (BZ3 - PERCENTILE(BZ:BZ, 0.4)) * (55 - 49) / (PERCENTILE(BZ:BZ, 0.5) - PERCENTILE(BZ:BZ, 0.4)), IF(BZ3 <= PERCENTILE(BZ:BZ, 0.6), 55 + (BZ3 - PERCENTILE(BZ:BZ, 0.5)) * (60 - 55) / (PERCENTILE(BZ:BZ, 0.6) - PERCENTILE(BZ:BZ, 0.5)), IF(BZ3 <= PERCENTILE(BZ:BZ, 0.7), 60 + (BZ3 - PERCENTILE(BZ:BZ, 0.6)) * (66 - 60) / (PERCENTILE(BZ:BZ, 0.7) - PERCENTILE(BZ:BZ, 0.6)), IF(BZ3 <= PERCENTILE(BZ:BZ, 0.8), 66 + (BZ3 - PERCENTILE(BZ:BZ, 0.7)) * (71 - 66) / (PERCENTILE(BZ:BZ, 0.8) - PERCENTILE(BZ:BZ, 0.7)), IF(BZ3 <= PERCENTILE(BZ:BZ, 0.9), 71 + (BZ3 - PERCENTILE(BZ:BZ, 0.8)) * (81 - 71) / (PERCENTILE(BZ:BZ, 0.9) - PERCENTILE(BZ:BZ, 0.8)), IF(BZ3 <= PERCENTILE(BZ:BZ, 0.95), 81 + (BZ3 - PERCENTILE(BZ:BZ, 0.9)) * (88 - 81) / (PERCENTILE(BZ:BZ, 0.95) - PERCENTILE(BZ:BZ, 0.9)), 88 + (BZ3 - PERCENTILE(BZ:BZ, 0.95)) * (100 - 88) / (PERCENTILE(BZ:BZ, 1) - PERCENTILE(BZ:BZ, 0.95)) )))))))))) -> 55 | BZ3: =(CA3-MEDIAN(CA:CA))/STDEV(CA:CA) -> 0 | CA3: =IFERROR(AVERAGE(CB3:CF3)*0.9+AVERAGE(CG3:CI3)*0.1, -1) -> 0.089566651 | CB3: 0.91545821 | CC3: 2.0978857 | CD3: -1.1844828 | CE3: -0.49580012 | CF3: -0.67274497 | CG3: 0.47314014 | CH3: -1.9905242 | CI3: 0.63867678 | CJ3: =IF(CK3 <= PERCENTILE(CK:CK, 0.1), 25 + (CK3 - MIN(CK:CK)) * (40 - 25) / (PERCENTILE(CK:CK, 0.1) - MIN(CK:CK)), IF(CK3 <= PERCENTILE(CK:CK, 0.2), 40 + (CK3 - PERCENTILE(CK:CK, 0.1)) * (47 - 40) / (PERCENTILE(CK:CK, 0.2) - PERCENTILE(CK:CK, 0.1)), IF(CK3 <= PERCENTILE(CK:CK, 0.3), 47 + (CK3 - PERCENTILE(CK:CK, 0.2)) * (50 - 47) / (PERCENTILE(CK:CK, 0.3) - PERCENTILE(CK:CK, 0.2)), IF(CK3 <= PERCENTILE(CK:CK, 0.4), 50 + (CK3 - PERCENTILE(CK:CK, 0.3)) * (56 - 50) / (PERCENTILE(CK:CK, 0.4) - PERCENTILE(CK:CK, 0.3)), IF(CK3 <= PERCENTILE(CK:CK, 0.5), 56 + (CK3 - PERCENTILE(CK:CK, 0.4)) * (61 - 56) / (PERCENTILE(CK:CK, 0.5) - PERCENTILE(CK:CK, 0.4)), IF(CK3 <= PERCENTILE(CK:CK, 0.6), 61 + (CK3 - PERCENTILE(CK:CK, 0.5)) * (66 - 61) / (PERCENTILE(CK:CK, 0.6) - PERCENTILE(CK:CK, 0.5)), IF(CK3 <= PERCENTILE(CK:CK, 0.7), 66 + (CK3 - PERCENTILE(CK:CK, 0.6)) * (70 - 66) / (PERCENTILE(CK:CK, 0.7) - PERCENTILE(CK:CK, 0.6)), IF(CK3 <= PERCENTILE(CK:CK, 0.8), 70 + (CK3 - PERCENTILE(CK:CK, 0.7)) * (75 - 70) / (PERCENTILE(CK:CK, 0.8) - PERCENTILE(CK:CK, 0.7)), IF(CK3 <= PERCENTILE(CK:CK, 0.9), 75 + (CK3 - PERCENTILE(CK:CK, 0.8)) * (84 - 75) / (PERCENTILE(CK:CK, 0.9) - PERCENTILE(CK:CK, 0.8)), IF(CK3 <= PERCENTILE(CK:CK, 0.95), 84 + (CK3 - PERCENTILE(CK:CK, 0.9)) * (90 - 84) / (PERCENTILE(CK:CK, 0.95) - PERCENTILE(CK:CK, 0.9)), 90 + (CK3 - PERCENTILE(CK:CK, 0.95)) * (100 - 90) / (PERCENTILE(CK:CK, 1) - PERCENTILE(CK:CK, 0.95)) )))))))))) -> 73.216344 | CK3: =(CL3-MEDIAN(CL:CL))/STDEV(CL:CL) -> 0.78708943 | CL3: =IFERROR(AVERAGE(CM3:CS3)*0.85+IFERROR(AVERAGE(CT3:CU3), 0)*0.1+CV3*0.05,-1) -> -0.29370139 | CM3: -0.57668765 | CN3: -0.46116913 | CO3: -0.17917077 | CP3: -0.28913651 | CQ3: -0.8758079 | CR3: 0.1487329 | CS3: -0.7543033 | CT3: 1.4588838 | CU3: -0.71612828 | CV3: 0.63867678 | CW3: =IF(CX3 <= PERCENTILE(CX:CX, 0.1), 25 + (CX3 - MIN(CX:CX)) * (62 - 25) / (PERCENTILE(CX:CX, 0.1) - MIN(CX:CX)), IF(CX3 <= PERCENTILE(CX:CX, 0.2), 62 + (CX3 - PERCENTILE(CX:CX, 0.1)) * (70 - 62) / (PERCENTILE(CX:CX, 0.2) - PERCENTILE(CX:CX, 0.1)), IF(CX3 <= PERCENTILE(CX:CX, 0.3), 70 + (CX3 - PERCENTILE(CX:CX, 0.2)) * (75 - 70) / (PERCENTILE(CX:CX, 0.3) - PERCENTILE(CX:CX, 0.2)), IF(CX3 <= PERCENTILE(CX:CX, 0.4), 75 + (CX3 - PERCENTILE(CX:CX, 0.3)) * (78 - 75) / (PERCENTILE(CX:CX, 0.4) - PERCENTILE(CX:CX, 0.3)), IF(CX3 <= PERCENTILE(CX:CX, 0.5), 78 + (CX3 - PERCENTILE(CX:CX, 0.4)) * (80 - 78) / (PERCENTILE(CX:CX, 0.5) - PERCENTILE(CX:CX, 0.4)), IF(CX3 <= PERCENTILE(CX:CX, 0.6), 80 + (CX3 - PERCENTILE(CX:CX, 0.5)) * (83 - 80) / (PERCENTILE(CX:CX, 0.6) - PERCENTILE(CX:CX, 0.5)), IF(CX3 <= PERCENTILE(CX:CX, 0.7), 83 + (CX3 - PERCENTILE(CX:CX, 0.6)) * (85 - 83) / (PERCENTILE(CX:CX, 0.7) - PERCENTILE(CX:CX, 0.6)), IF(CX3 <= PERCENTILE(CX:CX, 0.8), 85 + (CX3 - PERCENTILE(CX:CX, 0.7)) * (90 - 85) / (PERCENTILE(CX:CX, 0.8) - PERCENTILE(CX:CX, 0.7)), IF(CX3 <= PERCENTILE(CX:CX, 0.88), 90 + (CX3 - PERCENTILE(CX:CX, 0.8)) * (95 - 90) / (PERCENTILE(CX:CX, 0.88) - PERCENTILE(CX:CX, 0.8)), IF(CX3 <= PERCENTILE(CX:CX, 0.94), 95 + (CX3 - PERCENTILE(CX:CX, 0.88)) * (98 - 95) / (PERCENTILE(CX:CX, 0.94) - PERCENTILE(CX:CX, 0.88)), IF(CX3 <= PERCENTILE(CX:CX, 0.98), 98, 98 + (CX3 - PERCENTILE(CX:CX, 0.98)) * (100 - 98) / (PERCENTILE(CX:CX, 1) - PERCENTILE(CX:CX, 0.98)) ))))))))))) -> 86.322552 | CX3: =(CY3-MEDIAN(CY:CY))/STDEV(CY:CY) -> 0.48179951 | CY3: =IFERROR(AVERAGE(CZ3:DB3), -2) -> 0.77271196 | CZ3: 0.40983502 | DA3: 1.4343567 | DB3: 0.47394414
A4: 708 | B4: 2015-16 | C4: Kevin Garnett | D4: =IF(E4 <= PERCENTILE(E:E, 0.25), 25 + (E4 - MIN(E:E)) * (66 - 25) / (PERCENTILE(E:E, 0.25) - MIN(E:E)), IF(E4 <= PERCENTILE(E:E, 0.5), 66 + (E4 - PERCENTILE(E:E, 0.25)) * (73 - 66) / (PERCENTILE(E:E, 0.5) - PERCENTILE(E:E, 0.25)), IF(E4 <= PERCENTILE(E:E, 0.75), 73 + (E4 - PERCENTILE(E:E, 0.5)) * (80 - 73) / (PERCENTILE(E:E, 0.75) - PERCENTILE(E:E, 0.5)), IF(E4 <= PERCENTILE(E:E, 0.85), 80 + (E4 - PERCENTILE(E:E, 0.75)) * (84.45 - 80) / (PERCENTILE(E:E, 0.85) - PERCENTILE(E:E, 0.75)), IF(E4 <= PERCENTILE(E:E, 0.92), 84.45 + (E4 - PERCENTILE(E:E, 0.85)) * (89 - 84.45) / (PERCENTILE(E:E, 0.92) - PERCENTILE(E:E, 0.85)), IF(E4 <= PERCENTILE(E:E, 0.96), 89 + (E4 - PERCENTILE(E:E, 0.92)) * (94 - 89) / (PERCENTILE(E:E, 0.96) - PERCENTILE(E:E, 0.92)), IF(E4 <= PERCENTILE(E:E, 0.99), 94 + (E4 - PERCENTILE(E:E, 0.96)) * (98 - 94) / (PERCENTILE(E:E, 0.99) - PERCENTILE(E:E, 0.96)), 98 + (E4 - PERCENTILE(E:E, 0.99)) * (100 - 98) / (PERCENTILE(E:E, 1) - PERCENTILE(E:E, 0.99)) ))))))) -> 66 | E4: =(F4-MEDIAN(F:F))/STDEV(F:F) -> -0.9491766 | F4: =iferror(if(ISBLANK(G4:Q4),-0.5,AVERAGE(G4:Q4))*0.8+iferror(AVERAGE(R4:U4, 0)*0.15, 0)+iferror(AVERAGE(V4:X4, 0)*0.5, 0), -1) -> -0.75019653 | G4: -0.8707894 | H4: -1.8903773 | I4: -1.1154105 | J4: -0.21384747 | K4: -0.025050693 | L4: -0.59543011 | M4: -0.59543011 | N4: -0.59543011 | O4: -0.91962268 | P4: -0.86527377 | Q4: -0.82146442 | R4: -0.5583575 | S4: -0.29514234 | T4: -0.56420842 | U4: -0.95489837 | V4: 0.18829226 | W4: -0.91312151 | X4: 0.24286529 | Y4: =IF(Z4 <= PERCENTILE(Z:Z, 0.25), 25 + (Z4 - MIN(Z:Z)) * (30 - 25) / (PERCENTILE(Z:Z, 0.25) - MIN(Z:Z)), IF(Z4 <= PERCENTILE(Z:Z, 0.4), 30 + (Z4 - PERCENTILE(Z:Z, 0.25)) * (40 - 30) / (PERCENTILE(Z:Z, 0.4) - PERCENTILE(Z:Z, 0.25)), IF(Z4 <= PERCENTILE(Z:Z, 0.55), 40 + (Z4 - PERCENTILE(Z:Z, 0.4)) * (50 - 40) / (PERCENTILE(Z:Z, 0.55) - PERCENTILE(Z:Z, 0.4)), IF(Z4 <= PERCENTILE(Z:Z, 0.7), 50 + (Z4 - PERCENTILE(Z:Z, 0.55)) * (65 - 50) / (PERCENTILE(Z:Z, 0.7) - PERCENTILE(Z:Z, 0.55)), IF(Z4 <= PERCENTILE(Z:Z, 0.85), 65 + (Z4 - PERCENTILE(Z:Z, 0.7)) * (80 - 65) / (PERCENTILE(Z:Z, 0.85) - PERCENTILE(Z:Z, 0.7)), IF(Z4 <= PERCENTILE(Z:Z, 0.95), 80 + (Z4 - PERCENTILE(Z:Z, 0.85)) * (90 - 80) / (PERCENTILE(Z:Z, 0.95) - PERCENTILE(Z:Z, 0.85)), IF(Z4 <= PERCENTILE(Z:Z, 0.99), 90 + (Z4 - PERCENTILE(Z:Z, 0.95)) * (96 - 90) / (PERCENTILE(Z:Z, 0.99) - PERCENTILE(Z:Z, 0.95)), 96 + (Z4 - PERCENTILE(Z:Z, 0.99)) * (100 - 96) / (PERCENTILE(Z:Z, 1) - PERCENTILE(Z:Z, 0.99)) ))))))) -> 30 | Z4: =(AA4-MEDIAN(AA:AA))/STDEV(AA:AA) -> -0.063214793 | AA4: =IFERROR(AVERAGE(AB4:AD4)*0.7+AVERAGE(AE4:AL4)*0.25+AM4*0.05, -1) -> -0.49553255 | AB4: -0.5765656 | AC4: -0.50472102 | AG4: -0.65144842 | AH4: 0.044527929 | AI4: -0.77077919 | AJ4: -0.5158737 | AK4: -0.997177 | AL4: 1.2898873 | AM4: -1.0075921 | AN4: =IF(AO4 <= PERCENTILE(AO:AO, 0.15), 25 + (AO4 - MIN(AO:AO)) * (41 - 25) / (PERCENTILE(AO:AO, 0.15) - MIN(AO:AO)), IF(AO4 <= PERCENTILE(AO:AO, 0.3), 41 + (AO4 - PERCENTILE(AO:AO, 0.15)) * (55 - 41) / (PERCENTILE(AO:AO, 0.3) - PERCENTILE(AO:AO, 0.15)), IF(AO4 <= PERCENTILE(AO:AO, 0.5), 55 + (AO4 - PERCENTILE(AO:AO, 0.3)) * (65 - 55) / (PERCENTILE(AO:AO, 0.5) - PERCENTILE(AO:AO, 0.3)), IF(AO4 <= PERCENTILE(AO:AO, 0.7), 65 + (AO4 - PERCENTILE(AO:AO, 0.5)) * (75 - 65) / (PERCENTILE(AO:AO, 0.7) - PERCENTILE(AO:AO, 0.5)), IF(AO4 <= PERCENTILE(AO:AO, 0.85), 75 + (AO4 - PERCENTILE(AO:AO, 0.7)) * (80 - 75) / (PERCENTILE(AO:AO, 0.85) - PERCENTILE(AO:AO, 0.7)), IF(AO4 <= PERCENTILE(AO:AO, 0.95), 80 + (AO4 - PERCENTILE(AO:AO, 0.85)) * (90 - 80) / (PERCENTILE(AO:AO, 0.95) - PERCENTILE(AO:AO, 0.85)), 90 + (AO4 - PERCENTILE(AO:AO, 0.95)) * (100 - 90) / (PERCENTILE(AO:AO, 1) - PERCENTILE(AO:AO, 0.95)) )))))) -> 25 | AO4: =(AP4-MEDIAN(AP:AP))/STDEV(AP:AP) -> -1.9217167 | AP4: =IFERROR(AQ4*0.4+AVERAGE(AR4:AU4)*0.45+AVERAGE(AV4:BC4)*0.15, -1) -> -0.95658419 | AQ4: -0.66677961 | AR4: -0.61562421 | AS4: -1.8903773 | BB4: -0.86178815 | BC4: -0.81850527 | BD4: =IF(BE4 <= PERCENTILE(BE:BE, 0.05), 25 + (BE4 - MIN(BE:BE)) * (26 - 25) / (PERCENTILE(BE:BE, 0.05) - MIN(BE:BE)), IF(BE4 <= PERCENTILE(BE:BE, 0.15), 26 + (BE4 - PERCENTILE(BE:BE, 0.05)) * (28 - 26) / (PERCENTILE(BE:BE, 0.15) - PERCENTILE(BE:BE, 0.05)), IF(BE4 <= PERCENTILE(BE:BE, 0.25), 28 + (BE4 - PERCENTILE(BE:BE, 0.15)) * (35 - 28) / (PERCENTILE(BE:BE, 0.25) - PERCENTILE(BE:BE, 0.15)), IF(BE4 <= PERCENTILE(BE:BE, 0.4), 35 + (BE4 - PERCENTILE(BE:BE, 0.25)) * (44 - 35) / (PERCENTILE(BE:BE, 0.4) - PERCENTILE(BE:BE, 0.25)), IF(BE4 <= PERCENTILE(BE:BE, 0.6), 44 + (BE4 - PERCENTILE(BE:BE, 0.4)) * (56 - 44) / (PERCENTILE(BE:BE, 0.6) - PERCENTILE(BE:BE, 0.4)), IF(BE4 <= PERCENTILE(BE:BE, 0.8), 56 + (BE4 - PERCENTILE(BE:BE, 0.6)) * (69 - 56) / (PERCENTILE(BE:BE, 0.8) - PERCENTILE(BE:BE, 0.6)), IF(BE4 <= PERCENTILE(BE:BE, 0.95), 69 + (BE4 - PERCENTILE(BE:BE, 0.8)) * (86 - 69) / (PERCENTILE(BE:BE, 0.95) - PERCENTILE(BE:BE, 0.8)), 86 + (BE4 - PERCENTILE(BE:BE, 0.95)) * (100 - 86) / (PERCENTILE(BE:BE, 1) - PERCENTILE(BE:BE, 0.95)) ))))))) -> 55.296413 | BE4: =(BF4-AVERAGE(BF:BF))/STDEV(BF:BF) -> 0.33648395 | BF4: =IFERROR(AVERAGE(BG4:BJ4),"")*0.9+IFERROR(AVERAGE(BK4:BN4), 0)*0.1 -> -0.050903992 | BG4: -0.35698386 | BH4: -0.36754366 | BI4: 0.43004981 | BJ4: -0.10724586 | BK4: 0.59745708 | BL4: 0.13741514 | BM4: 0.58899401 | BN4: 0.25548628 | BO4: =IF(BP4 <= PERCENTILE(BP:BP, 0.1), 25 + (BP4 - MIN(BP:BP)) * (34 - 25) / (PERCENTILE(BP:BP, 0.1) - MIN(BP:BP)), IF(BP4 <= PERCENTILE(BP:BP, 0.2), 34 + (BP4 - PERCENTILE(BP:BP, 0.1)) * (41 - 34) / (PERCENTILE(BP:BP, 0.2) - PERCENTILE(BP:BP, 0.1)), IF(BP4 <= PERCENTILE(BP:BP, 0.35), 41 + (BP4 - PERCENTILE(BP:BP, 0.2)) * (49 - 41) / (PERCENTILE(BP:BP, 0.35) - PERCENTILE(BP:BP, 0.2)), IF(BP4 <= PERCENTILE(BP:BP, 0.55), 49 + (BP4 - PERCENTILE(BP:BP, 0.35)) * (58 - 49) / (PERCENTILE(BP:BP, 0.55) - PERCENTILE(BP:BP, 0.35)), IF(BP4 <= PERCENTILE(BP:BP, 0.75), 58 + (BP4 - PERCENTILE(BP:BP, 0.55)) * (67 - 58) / (PERCENTILE(BP:BP, 0.75) - PERCENTILE(BP:BP, 0.55)), IF(BP4 <= PERCENTILE(BP:BP, 0.88), 67 + (BP4 - PERCENTILE(BP:BP, 0.75)) * (78 - 67) / (PERCENTILE(BP:BP, 0.88) - PERCENTILE(BP:BP, 0.75)), IF(BP4 <= PERCENTILE(BP:BP, 0.96), 78 + (BP4 - PERCENTILE(BP:BP, 0.88)) * (88 - 78) / (PERCENTILE(BP:BP, 0.96) - PERCENTILE(BP:BP, 0.88)), 88 + (BP4 - PERCENTILE(BP:BP, 0.96)) * (100 - 88) / (PERCENTILE(BP:BP, 1) - PERCENTILE(BP:BP, 0.96)) ))))))) -> 43.13613 | BP4: =(BQ4-AVERAGE(BQ:BQ))/STDEV(BQ:BQ) -> -0.61851394 | BQ4: =BR4*0.3+BS4*0.3+BT4*0.3+IFERROR(AVERAGE(BU4:BX4)*0.1, 0) -> -0.17130547 | BR4: -0.37963164 | BS4: -0.34872586 | BT4: -0.10724586 | BU4: -0.13854482 | BV4: 2.4690862 | BW4: 0.58899401 | BX4: 0.25548628 | BY4: =IF(BZ4 <= PERCENTILE(BZ:BZ, 0.1), 25 + (BZ4 - MIN(BZ:BZ)) * (29 - 25) / (PERCENTILE(BZ:BZ, 0.1) - MIN(BZ:BZ)), IF(BZ4 <= PERCENTILE(BZ:BZ, 0.2), 29 + (BZ4 - PERCENTILE(BZ:BZ, 0.1)) * (36 - 29) / (PERCENTILE(BZ:BZ, 0.2) - PERCENTILE(BZ:BZ, 0.1)), IF(BZ4 <= PERCENTILE(BZ:BZ, 0.3), 36 + (BZ4 - PERCENTILE(BZ:BZ, 0.2)) * (43 - 36) / (PERCENTILE(BZ:BZ, 0.3) - PERCENTILE(BZ:BZ, 0.2)), IF(BZ4 <= PERCENTILE(BZ:BZ, 0.4), 43 + (BZ4 - PERCENTILE(BZ:BZ, 0.3)) * (49 - 43) / (PERCENTILE(BZ:BZ, 0.4) - PERCENTILE(BZ:BZ, 0.3)), IF(BZ4 <= PERCENTILE(BZ:BZ, 0.5), 49 + (BZ4 - PERCENTILE(BZ:BZ, 0.4)) * (55 - 49) / (PERCENTILE(BZ:BZ, 0.5) - PERCENTILE(BZ:BZ, 0.4)), IF(BZ4 <= PERCENTILE(BZ:BZ, 0.6), 55 + (BZ4 - PERCENTILE(BZ:BZ, 0.5)) * (60 - 55) / (PERCENTILE(BZ:BZ, 0.6) - PERCENTILE(BZ:BZ, 0.5)), IF(BZ4 <= PERCENTILE(BZ:BZ, 0.7), 60 + (BZ4 - PERCENTILE(BZ:BZ, 0.6)) * (66 - 60) / (PERCENTILE(BZ:BZ, 0.7) - PERCENTILE(BZ:BZ, 0.6)), IF(BZ4 <= PERCENTILE(BZ:BZ, 0.8), 66 + (BZ4 - PERCENTILE(BZ:BZ, 0.7)) * (71 - 66) / (PERCENTILE(BZ:BZ, 0.8) - PERCENTILE(BZ:BZ, 0.7)), IF(BZ4 <= PERCENTILE(BZ:BZ, 0.9), 71 + (BZ4 - PERCENTILE(BZ:BZ, 0.8)) * (81 - 71) / (PERCENTILE(BZ:BZ, 0.9) - PERCENTILE(BZ:BZ, 0.8)), IF(BZ4 <= PERCENTILE(BZ:BZ, 0.95), 81 + (BZ4 - PERCENTILE(BZ:BZ, 0.9)) * (88 - 81) / (PERCENTILE(BZ:BZ, 0.95) - PERCENTILE(BZ:BZ, 0.9)), 88 + (BZ4 - PERCENTILE(BZ:BZ, 0.95)) * (100 - 88) / (PERCENTILE(BZ:BZ, 1) - PERCENTILE(BZ:BZ, 0.95)) )))))))))) -> 100 | BZ4: =(CA4-MEDIAN(CA:CA))/STDEV(CA:CA) -> 1.3452879 | CA4: =IFERROR(AVERAGE(CB4:CF4)*0.9+AVERAGE(CG4:CI4)*0.1, -1) -> 0.60511923 | CB4: 0.13741514 | CC4: 2.4932541 | CD4: 0.59745708 | CE4: -0.10724586 | CF4: 0.25548628 | CG4: 0.65056284 | CH4: -1.2756574 | CI4: 0.54629113 | CJ4: =IF(CK4 <= PERCENTILE(CK:CK, 0.1), 25 + (CK4 - MIN(CK:CK)) * (40 - 25) / (PERCENTILE(CK:CK, 0.1) - MIN(CK:CK)), IF(CK4 <= PERCENTILE(CK:CK, 0.2), 40 + (CK4 - PERCENTILE(CK:CK, 0.1)) * (47 - 40) / (PERCENTILE(CK:CK, 0.2) - PERCENTILE(CK:CK, 0.1)), IF(CK4 <= PERCENTILE(CK:CK, 0.3), 47 + (CK4 - PERCENTILE(CK:CK, 0.2)) * (50 - 47) / (PERCENTILE(CK:CK, 0.3) - PERCENTILE(CK:CK, 0.2)), IF(CK4 <= PERCENTILE(CK:CK, 0.4), 50 + (CK4 - PERCENTILE(CK:CK, 0.3)) * (56 - 50) / (PERCENTILE(CK:CK, 0.4) - PERCENTILE(CK:CK, 0.3)), IF(CK4 <= PERCENTILE(CK:CK, 0.5), 56 + (CK4 - PERCENTILE(CK:CK, 0.4)) * (61 - 56) / (PERCENTILE(CK:CK, 0.5) - PERCENTILE(CK:CK, 0.4)), IF(CK4 <= PERCENTILE(CK:CK, 0.6), 61 + (CK4 - PERCENTILE(CK:CK, 0.5)) * (66 - 61) / (PERCENTILE(CK:CK, 0.6) - PERCENTILE(CK:CK, 0.5)), IF(CK4 <= PERCENTILE(CK:CK, 0.7), 66 + (CK4 - PERCENTILE(CK:CK, 0.6)) * (70 - 66) / (PERCENTILE(CK:CK, 0.7) - PERCENTILE(CK:CK, 0.6)), IF(CK4 <= PERCENTILE(CK:CK, 0.8), 70 + (CK4 - PERCENTILE(CK:CK, 0.7)) * (75 - 70) / (PERCENTILE(CK:CK, 0.8) - PERCENTILE(CK:CK, 0.7)), IF(CK4 <= PERCENTILE(CK:CK, 0.9), 75 + (CK4 - PERCENTILE(CK:CK, 0.8)) * (84 - 75) / (PERCENTILE(CK:CK, 0.9) - PERCENTILE(CK:CK, 0.8)), IF(CK4 <= PERCENTILE(CK:CK, 0.95), 84 + (CK4 - PERCENTILE(CK:CK, 0.9)) * (90 - 84) / (PERCENTILE(CK:CK, 0.95) - PERCENTILE(CK:CK, 0.9)), 90 + (CK4 - PERCENTILE(CK:CK, 0.95)) * (100 - 90) / (PERCENTILE(CK:CK, 1) - PERCENTILE(CK:CK, 0.95)) )))))))))) -> 25 | CK4: =(CL4-MEDIAN(CL:CL))/STDEV(CL:CL) -> -1.1458158 | CL4: =IFERROR(AVERAGE(CM4:CS4)*0.85+IFERROR(AVERAGE(CT4:CU4), 0)*0.1+CV4*0.05,-1) -> -0.60846216 | CM4: -0.75913113 | CN4: -0.6974973 | CO4: -0.59155389 | CP4: -0.72425998 | CQ4: -1.1582079 | CR4: 0.27364586 | CS4: -0.91006205 | CT4: -0.90795915 | CU4: -0.71612828 | CV4: 0.54629113 | CW4: =IF(CX4 <= PERCENTILE(CX:CX, 0.1), 25 + (CX4 - MIN(CX:CX)) * (62 - 25) / (PERCENTILE(CX:CX, 0.1) - MIN(CX:CX)), IF(CX4 <= PERCENTILE(CX:CX, 0.2), 62 + (CX4 - PERCENTILE(CX:CX, 0.1)) * (70 - 62) / (PERCENTILE(CX:CX, 0.2) - PERCENTILE(CX:CX, 0.1)), IF(CX4 <= PERCENTILE(CX:CX, 0.3), 70 + (CX4 - PERCENTILE(CX:CX, 0.2)) * (75 - 70) / (PERCENTILE(CX:CX, 0.3) - PERCENTILE(CX:CX, 0.2)), IF(CX4 <= PERCENTILE(CX:CX, 0.4), 75 + (CX4 - PERCENTILE(CX:CX, 0.3)) * (78 - 75) / (PERCENTILE(CX:CX, 0.4) - PERCENTILE(CX:CX, 0.3)), IF(CX4 <= PERCENTILE(CX:CX, 0.5), 78 + (CX4 - PERCENTILE(CX:CX, 0.4)) * (80 - 78) / (PERCENTILE(CX:CX, 0.5) - PERCENTILE(CX:CX, 0.4)), IF(CX4 <= PERCENTILE(CX:CX, 0.6), 80 + (CX4 - PERCENTILE(CX:CX, 0.5)) * (83 - 80) / (PERCENTILE(CX:CX, 0.6) - PERCENTILE(CX:CX, 0.5)), IF(CX4 <= PERCENTILE(CX:CX, 0.7), 83 + (CX4 - PERCENTILE(CX:CX, 0.6)) * (85 - 83) / (PERCENTILE(CX:CX, 0.7) - PERCENTILE(CX:CX, 0.6)), IF(CX4 <= PERCENTILE(CX:CX, 0.8), 85 + (CX4 - PERCENTILE(CX:CX, 0.7)) * (90 - 85) / (PERCENTILE(CX:CX, 0.8) - PERCENTILE(CX:CX, 0.7)), IF(CX4 <= PERCENTILE(CX:CX, 0.88), 90 + (CX4 - PERCENTILE(CX:CX, 0.8)) * (95 - 90) / (PERCENTILE(CX:CX, 0.88) - PERCENTILE(CX:CX, 0.8)), IF(CX4 <= PERCENTILE(CX:CX, 0.94), 95 + (CX4 - PERCENTILE(CX:CX, 0.88)) * (98 - 95) / (PERCENTILE(CX:CX, 0.94) - PERCENTILE(CX:CX, 0.88)), IF(CX4 <= PERCENTILE(CX:CX, 0.98), 98, 98 + (CX4 - PERCENTILE(CX:CX, 0.98)) * (100 - 98) / (PERCENTILE(CX:CX, 1) - PERCENTILE(CX:CX, 0.98)) ))))))))))) -> 74.074014 | CX4: =(CY4-MEDIAN(CY:CY))/STDEV(CY:CY) -> -0.16041995 | CY4: =IFERROR(AVERAGE(CZ4:DB4), -2) -> 0.30659089 | CZ4: -0.13457077 | DA4: 1.198697 | DB4: -0.1443536
A5: 951 | B5: 2013-14 | C5: Ray Allen | D5: =IF(E5 <= PERCENTILE(E:E, 0.25), 25 + (E5 - MIN(E:E)) * (66 - 25) / (PERCENTILE(E:E, 0.25) - MIN(E:E)), IF(E5 <= PERCENTILE(E:E, 0.5), 66 + (E5 - PERCENTILE(E:E, 0.25)) * (73 - 66) / (PERCENTILE(E:E, 0.5) - PERCENTILE(E:E, 0.25)), IF(E5 <= PERCENTILE(E:E, 0.75), 73 + (E5 - PERCENTILE(E:E, 0.5)) * (80 - 73) / (PERCENTILE(E:E, 0.75) - PERCENTILE(E:E, 0.5)), IF(E5 <= PERCENTILE(E:E, 0.85), 80 + (E5 - PERCENTILE(E:E, 0.75)) * (84.45 - 80) / (PERCENTILE(E:E, 0.85) - PERCENTILE(E:E, 0.75)), IF(E5 <= PERCENTILE(E:E, 0.92), 84.45 + (E5 - PERCENTILE(E:E, 0.85)) * (89 - 84.45) / (PERCENTILE(E:E, 0.92) - PERCENTILE(E:E, 0.85)), IF(E5 <= PERCENTILE(E:E, 0.96), 89 + (E5 - PERCENTILE(E:E, 0.92)) * (94 - 89) / (PERCENTILE(E:E, 0.96) - PERCENTILE(E:E, 0.92)), IF(E5 <= PERCENTILE(E:E, 0.99), 94 + (E5 - PERCENTILE(E:E, 0.96)) * (98 - 94) / (PERCENTILE(E:E, 0.99) - PERCENTILE(E:E, 0.96)), 98 + (E5 - PERCENTILE(E:E, 0.99)) * (100 - 98) / (PERCENTILE(E:E, 1) - PERCENTILE(E:E, 0.99)) ))))))) -> 80 | E5: =(F5-MEDIAN(F:F))/STDEV(F:F) -> 0.76635298 | F5: =iferror(if(ISBLANK(G5:Q5),-0.5,AVERAGE(G5:Q5))*0.8+iferror(AVERAGE(R5:U5, 0)*0.15, 0)+iferror(AVERAGE(V5:X5, 0)*0.5, 0), -1) -> -0.23454059 | G5: -0.72046208 | H5: -0.3904163 | I5: -0.030352525 | J5: -0.61672818 | K5: -0.51435108 | L5: 0.14495707 | M5: 0.14495707 | N5: 0.14495707 | O5: -0.25320569 | P5: 0.073078706 | Q5: 0.0029180465 | R5: -0.61805414 | S5: -0.021131829 | T5: -0.026934516 | U5: -0.53888537 | V5: 0.028492515 | W5: -0.58603294 | X5: 0.14257584 | Y5: =IF(Z5 <= PERCENTILE(Z:Z, 0.25), 25 + (Z5 - MIN(Z:Z)) * (30 - 25) / (PERCENTILE(Z:Z, 0.25) - MIN(Z:Z)), IF(Z5 <= PERCENTILE(Z:Z, 0.4), 30 + (Z5 - PERCENTILE(Z:Z, 0.25)) * (40 - 30) / (PERCENTILE(Z:Z, 0.4) - PERCENTILE(Z:Z, 0.25)), IF(Z5 <= PERCENTILE(Z:Z, 0.55), 40 + (Z5 - PERCENTILE(Z:Z, 0.4)) * (50 - 40) / (PERCENTILE(Z:Z, 0.55) - PERCENTILE(Z:Z, 0.4)), IF(Z5 <= PERCENTILE(Z:Z, 0.7), 50 + (Z5 - PERCENTILE(Z:Z, 0.55)) * (65 - 50) / (PERCENTILE(Z:Z, 0.7) - PERCENTILE(Z:Z, 0.55)), IF(Z5 <= PERCENTILE(Z:Z, 0.85), 65 + (Z5 - PERCENTILE(Z:Z, 0.7)) * (80 - 65) / (PERCENTILE(Z:Z, 0.85) - PERCENTILE(Z:Z, 0.7)), IF(Z5 <= PERCENTILE(Z:Z, 0.95), 80 + (Z5 - PERCENTILE(Z:Z, 0.85)) * (90 - 80) / (PERCENTILE(Z:Z, 0.95) - PERCENTILE(Z:Z, 0.85)), IF(Z5 <= PERCENTILE(Z:Z, 0.99), 90 + (Z5 - PERCENTILE(Z:Z, 0.95)) * (96 - 90) / (PERCENTILE(Z:Z, 0.99) - PERCENTILE(Z:Z, 0.95)), 96 + (Z5 - PERCENTILE(Z:Z, 0.99)) * (100 - 96) / (PERCENTILE(Z:Z, 1) - PERCENTILE(Z:Z, 0.99)) ))))))) -> 41.708031 | Z5: =(AA5-MEDIAN(AA:AA))/STDEV(AA:AA) -> 0 | AA5: =IFERROR(AVERAGE(AB5:AD5)*0.7+AVERAGE(AE5:AL5)*0.25+AM5*0.05, -1) -> -0.48012661 | AB5: -0.47282514 | AC5: -0.38838591 | AG5: -0.65144842 | AH5: 0.044527929 | AI5: -0.86100036 | AJ5: -0.66413589 | AK5: -0.4532093 | AL5: -0.49448933 | AM5: -1.0075921 | AN5: =IF(AO5 <= PERCENTILE(AO:AO, 0.15), 25 + (AO5 - MIN(AO:AO)) * (41 - 25) / (PERCENTILE(AO:AO, 0.15) - MIN(AO:AO)), IF(AO5 <= PERCENTILE(AO:AO, 0.3), 41 + (AO5 - PERCENTILE(AO:AO, 0.15)) * (55 - 41) / (PERCENTILE(AO:AO, 0.3) - PERCENTILE(AO:AO, 0.15)), IF(AO5 <= PERCENTILE(AO:AO, 0.5), 55 + (AO5 - PERCENTILE(AO:AO, 0.3)) * (65 - 55) / (PERCENTILE(AO:AO, 0.5) - PERCENTILE(AO:AO, 0.3)), IF(AO5 <= PERCENTILE(AO:AO, 0.7), 65 + (AO5 - PERCENTILE(AO:AO, 0.5)) * (75 - 65) / (PERCENTILE(AO:AO, 0.7) - PERCENTILE(AO:AO, 0.5)), IF(AO5 <= PERCENTILE(AO:AO, 0.85), 75 + (AO5 - PERCENTILE(AO:AO, 0.7)) * (80 - 75) / (PERCENTILE(AO:AO, 0.85) - PERCENTILE(AO:AO, 0.7)), IF(AO5 <= PERCENTILE(AO:AO, 0.95), 80 + (AO5 - PERCENTILE(AO:AO, 0.85)) * (90 - 80) / (PERCENTILE(AO:AO, 0.95) - PERCENTILE(AO:AO, 0.85)), 90 + (AO5 - PERCENTILE(AO:AO, 0.95)) * (100 - 90) / (PERCENTILE(AO:AO, 1) - PERCENTILE(AO:AO, 0.95)) )))))) -> 76.084604 | AO5: =(AP5-MEDIAN(AP:AP))/STDEV(AP:AP) -> 0.13728435 | AP5: =IFERROR(AQ5*0.4+AVERAGE(AR5:AU5)*0.45+AVERAGE(AV5:BC5)*0.15, -1) -> -0.35123199 | AQ5: -0.47886799 | AR5: -0.34713198 | AS5: -0.3904163 | BB5: 0.076982458 | BC5: 0.006531764 | BD5: =IF(BE5 <= PERCENTILE(BE:BE, 0.05), 25 + (BE5 - MIN(BE:BE)) * (26 - 25) / (PERCENTILE(BE:BE, 0.05) - MIN(BE:BE)), IF(BE5 <= PERCENTILE(BE:BE, 0.15), 26 + (BE5 - PERCENTILE(BE:BE, 0.05)) * (28 - 26) / (PERCENTILE(BE:BE, 0.15) - PERCENTILE(BE:BE, 0.05)), IF(BE5 <= PERCENTILE(BE:BE, 0.25), 28 + (BE5 - PERCENTILE(BE:BE, 0.15)) * (35 - 28) / (PERCENTILE(BE:BE, 0.25) - PERCENTILE(BE:BE, 0.15)), IF(BE5 <= PERCENTILE(BE:BE, 0.4), 35 + (BE5 - PERCENTILE(BE:BE, 0.25)) * (44 - 35) / (PERCENTILE(BE:BE, 0.4) - PERCENTILE(BE:BE, 0.25)), IF(BE5 <= PERCENTILE(BE:BE, 0.6), 44 + (BE5 - PERCENTILE(BE:BE, 0.4)) * (56 - 44) / (PERCENTILE(BE:BE, 0.6) - PERCENTILE(BE:BE, 0.4)), IF(BE5 <= PERCENTILE(BE:BE, 0.8), 56 + (BE5 - PERCENTILE(BE:BE, 0.6)) * (69 - 56) / (PERCENTILE(BE:BE, 0.8) - PERCENTILE(BE:BE, 0.6)), IF(BE5 <= PERCENTILE(BE:BE, 0.95), 69 + (BE5 - PERCENTILE(BE:BE, 0.8)) * (86 - 69) / (PERCENTILE(BE:BE, 0.95) - PERCENTILE(BE:BE, 0.8)), 86 + (BE5 - PERCENTILE(BE:BE, 0.95)) * (100 - 86) / (PERCENTILE(BE:BE, 1) - PERCENTILE(BE:BE, 0.95)) ))))))) -> 35 | BE5: =(BF5-AVERAGE(BF:BF))/STDEV(BF:BF) -> -0.90398853 | BF5: =IFERROR(AVERAGE(BG5:BJ5),"")*0.9+IFERROR(AVERAGE(BK5:BN5), 0)*0.1 -> -0.19848581 | BG5: -0.33961359 | BH5: -0.38319873 | BI5: 0.24006789 | BJ5: -0.37216922 | BK5: 0.040600873 | BL5: -0.31644331 | BM5: 0.04035535 | BN5: -0.0097226455 | BO5: =IF(BP5 <= PERCENTILE(BP:BP, 0.1), 25 + (BP5 - MIN(BP:BP)) * (34 - 25) / (PERCENTILE(BP:BP, 0.1) - MIN(BP:BP)), IF(BP5 <= PERCENTILE(BP:BP, 0.2), 34 + (BP5 - PERCENTILE(BP:BP, 0.1)) * (41 - 34) / (PERCENTILE(BP:BP, 0.2) - PERCENTILE(BP:BP, 0.1)), IF(BP5 <= PERCENTILE(BP:BP, 0.35), 41 + (BP5 - PERCENTILE(BP:BP, 0.2)) * (49 - 41) / (PERCENTILE(BP:BP, 0.35) - PERCENTILE(BP:BP, 0.2)), IF(BP5 <= PERCENTILE(BP:BP, 0.55), 49 + (BP5 - PERCENTILE(BP:BP, 0.35)) * (58 - 49) / (PERCENTILE(BP:BP, 0.55) - PERCENTILE(BP:BP, 0.35)), IF(BP5 <= PERCENTILE(BP:BP, 0.75), 58 + (BP5 - PERCENTILE(BP:BP, 0.55)) * (67 - 58) / (PERCENTILE(BP:BP, 0.75) - PERCENTILE(BP:BP, 0.55)), IF(BP5 <= PERCENTILE(BP:BP, 0.88), 67 + (BP5 - PERCENTILE(BP:BP, 0.75)) * (78 - 67) / (PERCENTILE(BP:BP, 0.88) - PERCENTILE(BP:BP, 0.75)), IF(BP5 <= PERCENTILE(BP:BP, 0.96), 78 + (BP5 - PERCENTILE(BP:BP, 0.88)) * (88 - 78) / (PERCENTILE(BP:BP, 0.96) - PERCENTILE(BP:BP, 0.88)), 88 + (BP5 - PERCENTILE(BP:BP, 0.96)) * (100 - 88) / (PERCENTILE(BP:BP, 1) - PERCENTILE(BP:BP, 0.96)) ))))))) -> 25 | BP5: =(BQ5-AVERAGE(BQ:BQ))/STDEV(BQ:BQ) -> -1.4154277 | BQ5: =BR5*0.3+BS5*0.3+BT5*0.3+IFERROR(AVERAGE(BU5:BX5)*0.1, 0) -> -0.30239845 | BR5: -0.28548947 | BS5: -0.34217222 | BT5: -0.37216922 | BU5: 0.36311886 | BV5: -0.49171873 | BW5: 0.04035535 | BX5: -0.0097226455 | BY5: =IF(BZ5 <= PERCENTILE(BZ:BZ, 0.1), 25 + (BZ5 - MIN(BZ:BZ)) * (29 - 25) / (PERCENTILE(BZ:BZ, 0.1) - MIN(BZ:BZ)), IF(BZ5 <= PERCENTILE(BZ:BZ, 0.2), 29 + (BZ5 - PERCENTILE(BZ:BZ, 0.1)) * (36 - 29) / (PERCENTILE(BZ:BZ, 0.2) - PERCENTILE(BZ:BZ, 0.1)), IF(BZ5 <= PERCENTILE(BZ:BZ, 0.3), 36 + (BZ5 - PERCENTILE(BZ:BZ, 0.2)) * (43 - 36) / (PERCENTILE(BZ:BZ, 0.3) - PERCENTILE(BZ:BZ, 0.2)), IF(BZ5 <= PERCENTILE(BZ:BZ, 0.4), 43 + (BZ5 - PERCENTILE(BZ:BZ, 0.3)) * (49 - 43) / (PERCENTILE(BZ:BZ, 0.4) - PERCENTILE(BZ:BZ, 0.3)), IF(BZ5 <= PERCENTILE(BZ:BZ, 0.5), 49 + (BZ5 - PERCENTILE(BZ:BZ, 0.4)) * (55 - 49) / (PERCENTILE(BZ:BZ, 0.5) - PERCENTILE(BZ:BZ, 0.4)), IF(BZ5 <= PERCENTILE(BZ:BZ, 0.6), 55 + (BZ5 - PERCENTILE(BZ:BZ, 0.5)) * (60 - 55) / (PERCENTILE(BZ:BZ, 0.6) - PERCENTILE(BZ:BZ, 0.5)), IF(BZ5 <= PERCENTILE(BZ:BZ, 0.7), 60 + (BZ5 - PERCENTILE(BZ:BZ, 0.6)) * (66 - 60) / (PERCENTILE(BZ:BZ, 0.7) - PERCENTILE(BZ:BZ, 0.6)), IF(BZ5 <= PERCENTILE(BZ:BZ, 0.8), 66 + (BZ5 - PERCENTILE(BZ:BZ, 0.7)) * (71 - 66) / (PERCENTILE(BZ:BZ, 0.8) - PERCENTILE(BZ:BZ, 0.7)), IF(BZ5 <= PERCENTILE(BZ:BZ, 0.9), 71 + (BZ5 - PERCENTILE(BZ:BZ, 0.8)) * (81 - 71) / (PERCENTILE(BZ:BZ, 0.9) - PERCENTILE(BZ:BZ, 0.8)), IF(BZ5 <= PERCENTILE(BZ:BZ, 0.95), 81 + (BZ5 - PERCENTILE(BZ:BZ, 0.9)) * (88 - 81) / (PERCENTILE(BZ:BZ, 0.95) - PERCENTILE(BZ:BZ, 0.9)), 88 + (BZ5 - PERCENTILE(BZ:BZ, 0.95)) * (100 - 88) / (PERCENTILE(BZ:BZ, 1) - PERCENTILE(BZ:BZ, 0.95)) )))))))))) -> 36.892939 | BZ5: =(CA5-MEDIAN(CA:CA))/STDEV(CA:CA) -> -0.78947329 | CA5: =IFERROR(AVERAGE(CB5:CF5)*0.9+AVERAGE(CG5:CI5)*0.1, -1) -> -0.21298197 | CB5: -0.31644331 | CC5: -0.49449953 | CD5: 0.040600873 | CE5: -0.37216922 | CF5: -0.0097226455 | CG5: 0.10614251 | CH5: 0.29024131 | CI5: -0.56378012 | CJ5: =IF(CK5 <= PERCENTILE(CK:CK, 0.1), 25 + (CK5 - MIN(CK:CK)) * (40 - 25) / (PERCENTILE(CK:CK, 0.1) - MIN(CK:CK)), IF(CK5 <= PERCENTILE(CK:CK, 0.2), 40 + (CK5 - PERCENTILE(CK:CK, 0.1)) * (47 - 40) / (PERCENTILE(CK:CK, 0.2) - PERCENTILE(CK:CK, 0.1)), IF(CK5 <= PERCENTILE(CK:CK, 0.3), 47 + (CK5 - PERCENTILE(CK:CK, 0.2)) * (50 - 47) / (PERCENTILE(CK:CK, 0.3) - PERCENTILE(CK:CK, 0.2)), IF(CK5 <= PERCENTILE(CK:CK, 0.4), 50 + (CK5 - PERCENTILE(CK:CK, 0.3)) * (56 - 50) / (PERCENTILE(CK:CK, 0.4) - PERCENTILE(CK:CK, 0.3)), IF(CK5 <= PERCENTILE(CK:CK, 0.5), 56 + (CK5 - PERCENTILE(CK:CK, 0.4)) * (61 - 56) / (PERCENTILE(CK:CK, 0.5) - PERCENTILE(CK:CK, 0.4)), IF(CK5 <= PERCENTILE(CK:CK, 0.6), 61 + (CK5 - PERCENTILE(CK:CK, 0.5)) * (66 - 61) / (PERCENTILE(CK:CK, 0.6) - PERCENTILE(CK:CK, 0.5)), IF(CK5 <= PERCENTILE(CK:CK, 0.7), 66 + (CK5 - PERCENTILE(CK:CK, 0.6)) * (70 - 66) / (PERCENTILE(CK:CK, 0.7) - PERCENTILE(CK:CK, 0.6)), IF(CK5 <= PERCENTILE(CK:CK, 0.8), 70 + (CK5 - PERCENTILE(CK:CK, 0.7)) * (75 - 70) / (PERCENTILE(CK:CK, 0.8) - PERCENTILE(CK:CK, 0.7)), IF(CK5 <= PERCENTILE(CK:CK, 0.9), 75 + (CK5 - PERCENTILE(CK:CK, 0.8)) * (84 - 75) / (PERCENTILE(CK:CK, 0.9) - PERCENTILE(CK:CK, 0.8)), IF(CK5 <= PERCENTILE(CK:CK, 0.95), 84 + (CK5 - PERCENTILE(CK:CK, 0.9)) * (90 - 84) / (PERCENTILE(CK:CK, 0.95) - PERCENTILE(CK:CK, 0.9)), 90 + (CK5 - PERCENTILE(CK:CK, 0.95)) * (100 - 90) / (PERCENTILE(CK:CK, 1) - PERCENTILE(CK:CK, 0.95)) )))))))))) -> 61 | CK5: =(CL5-MEDIAN(CL:CL))/STDEV(CL:CL) -> 0 | CL5: =IFERROR(AVERAGE(CM5:CS5)*0.85+IFERROR(AVERAGE(CT5:CU5), 0)*0.1+CV5*0.05,-1) -> -0.42187367 | CM5: -0.32126677 | CN5: -0.10667686 | CO5: -0.51300472 | CP5: -0.69915671 | CQ5: -1.1299679 | CR5: 0.33610235 | CS5: -0.48172548 | CT5: -0.58101924 | CU5: -0.21169783 | CV5: -0.56378012 | CW5: =IF(CX5 <= PERCENTILE(CX:CX, 0.1), 25 + (CX5 - MIN(CX:CX)) * (62 - 25) / (PERCENTILE(CX:CX, 0.1) - MIN(CX:CX)), IF(CX5 <= PERCENTILE(CX:CX, 0.2), 62 + (CX5 - PERCENTILE(CX:CX, 0.1)) * (70 - 62) / (PERCENTILE(CX:CX, 0.2) - PERCENTILE(CX:CX, 0.1)), IF(CX5 <= PERCENTILE(CX:CX, 0.3), 70 + (CX5 - PERCENTILE(CX:CX, 0.2)) * (75 - 70) / (PERCENTILE(CX:CX, 0.3) - PERCENTILE(CX:CX, 0.2)), IF(CX5 <= PERCENTILE(CX:CX, 0.4), 75 + (CX5 - PERCENTILE(CX:CX, 0.3)) * (78 - 75) / (PERCENTILE(CX:CX, 0.4) - PERCENTILE(CX:CX, 0.3)), IF(CX5 <= PERCENTILE(CX:CX, 0.5), 78 + (CX5 - PERCENTILE(CX:CX, 0.4)) * (80 - 78) / (PERCENTILE(CX:CX, 0.5) - PERCENTILE(CX:CX, 0.4)), IF(CX5 <= PERCENTILE(CX:CX, 0.6), 80 + (CX5 - PERCENTILE(CX:CX, 0.5)) * (83 - 80) / (PERCENTILE(CX:CX, 0.6) - PERCENTILE(CX:CX, 0.5)), IF(CX5 <= PERCENTILE(CX:CX, 0.7), 83 + (CX5 - PERCENTILE(CX:CX, 0.6)) * (85 - 83) / (PERCENTILE(CX:CX, 0.7) - PERCENTILE(CX:CX, 0.6)), IF(CX5 <= PERCENTILE(CX:CX, 0.8), 85 + (CX5 - PERCENTILE(CX:CX, 0.7)) * (90 - 85) / (PERCENTILE(CX:CX, 0.8) - PERCENTILE(CX:CX, 0.7)), IF(CX5 <= PERCENTILE(CX:CX, 0.88), 90 + (CX5 - PERCENTILE(CX:CX, 0.8)) * (95 - 90) / (PERCENTILE(CX:CX, 0.88) - PERCENTILE(CX:CX, 0.8)), IF(CX5 <= PERCENTILE(CX:CX, 0.94), 95 + (CX5 - PERCENTILE(CX:CX, 0.88)) * (98 - 95) / (PERCENTILE(CX:CX, 0.94) - PERCENTILE(CX:CX, 0.88)), IF(CX5 <= PERCENTILE(CX:CX, 0.98), 98, 98 + (CX5 - PERCENTILE(CX:CX, 0.98)) * (100 - 98) / (PERCENTILE(CX:CX, 1) - PERCENTILE(CX:CX, 0.98)) ))))))))))) -> 25 | CX5: =(CY5-MEDIAN(CY:CY))/STDEV(CY:CY) -> -0.8662115 | CY5: =IFERROR(AVERAGE(CZ5:DB5), -2) -> -0.20567063 | CZ5: 0.090292494 | DA5: -0.67979446 | DB5: -0.027509931
A6: 959 | B6: 2013-14 | C6: Steve Nash | D6: =IF(E6 <= PERCENTILE(E:E, 0.25), 25 + (E6 - MIN(E:E)) * (66 - 25) / (PERCENTILE(E:E, 0.25) - MIN(E:E)), IF(E6 <= PERCENTILE(E:E, 0.5), 66 + (E6 - PERCENTILE(E:E, 0.25)) * (73 - 66) / (PERCENTILE(E:E, 0.5) - PERCENTILE(E:E, 0.25)), IF(E6 <= PERCENTILE(E:E, 0.75), 73 + (E6 - PERCENTILE(E:E, 0.5)) * (80 - 73) / (PERCENTILE(E:E, 0.75) - PERCENTILE(E:E, 0.5)), IF(E6 <= PERCENTILE(E:E, 0.85), 80 + (E6 - PERCENTILE(E:E, 0.75)) * (84.45 - 80) / (PERCENTILE(E:E, 0.85) - PERCENTILE(E:E, 0.75)), IF(E6 <= PERCENTILE(E:E, 0.92), 84.45 + (E6 - PERCENTILE(E:E, 0.85)) * (89 - 84.45) / (PERCENTILE(E:E, 0.92) - PERCENTILE(E:E, 0.85)), IF(E6 <= PERCENTILE(E:E, 0.96), 89 + (E6 - PERCENTILE(E:E, 0.92)) * (94 - 89) / (PERCENTILE(E:E, 0.96) - PERCENTILE(E:E, 0.92)), IF(E6 <= PERCENTILE(E:E, 0.99), 94 + (E6 - PERCENTILE(E:E, 0.96)) * (98 - 94) / (PERCENTILE(E:E, 0.99) - PERCENTILE(E:E, 0.96)), 98 + (E6 - PERCENTILE(E:E, 0.99)) * (100 - 98) / (PERCENTILE(E:E, 1) - PERCENTILE(E:E, 0.99)) ))))))) -> 100 | E6: =(F6-MEDIAN(F:F))/STDEV(F:F) -> 0.9466771 | F6: =iferror(if(ISBLANK(G6:Q6),-0.5,AVERAGE(G6:Q6))*0.8+iferror(AVERAGE(R6:U6, 0)*0.15, 0)+iferror(AVERAGE(V6:X6, 0)*0.5, 0), -1) -> -0.18033855 | G6: -0.83609848 | H6: 0.080645827 | I6: 2.4723482 | J6: -0.70970065 | K6: -1.1667516 | L6: 0.36707323 | M6: 0.36707323 | N6: 0.36707323 | O6: -0.38786314 | P6: 1.7933916 | Q6: 0.47399374 | R6: -0.9961329 | S6: -0.7344813 | T6: 0.085995667 | U6: -0.95489837 | V6: -0.84457398 | W6: -0.66685791 | X6: -0.9488093 | Y6: =IF(Z6 <= PERCENTILE(Z:Z, 0.25), 25 + (Z6 - MIN(Z:Z)) * (30 - 25) / (PERCENTILE(Z:Z, 0.25) - MIN(Z:Z)), IF(Z6 <= PERCENTILE(Z:Z, 0.4), 30 + (Z6 - PERCENTILE(Z:Z, 0.25)) * (40 - 30) / (PERCENTILE(Z:Z, 0.4) - PERCENTILE(Z:Z, 0.25)), IF(Z6 <= PERCENTILE(Z:Z, 0.55), 40 + (Z6 - PERCENTILE(Z:Z, 0.4)) * (50 - 40) / (PERCENTILE(Z:Z, 0.55) - PERCENTILE(Z:Z, 0.4)), IF(Z6 <= PERCENTILE(Z:Z, 0.7), 50 + (Z6 - PERCENTILE(Z:Z, 0.55)) * (65 - 50) / (PERCENTILE(Z:Z, 0.7) - PERCENTILE(Z:Z, 0.55)), IF(Z6 <= PERCENTILE(Z:Z, 0.85), 65 + (Z6 - PERCENTILE(Z:Z, 0.7)) * (80 - 65) / (PERCENTILE(Z:Z, 0.85) - PERCENTILE(Z:Z, 0.7)), IF(Z6 <= PERCENTILE(Z:Z, 0.95), 80 + (Z6 - PERCENTILE(Z:Z, 0.85)) * (90 - 80) / (PERCENTILE(Z:Z, 0.95) - PERCENTILE(Z:Z, 0.85)), IF(Z6 <= PERCENTILE(Z:Z, 0.99), 90 + (Z6 - PERCENTILE(Z:Z, 0.95)) * (96 - 90) / (PERCENTILE(Z:Z, 0.99) - PERCENTILE(Z:Z, 0.95)), 96 + (Z6 - PERCENTILE(Z:Z, 0.99)) * (100 - 96) / (PERCENTILE(Z:Z, 1) - PERCENTILE(Z:Z, 0.99)) ))))))) -> 25 | Z6: =(AA6-MEDIAN(AA:AA))/STDEV(AA:AA) -> -0.57423699 | AA6: =IFERROR(AVERAGE(AB6:AD6)*0.7+AVERAGE(AE6:AL6)*0.25+AM6*0.05, -1) -> -0.62007265 | AB6: -0.5765656 | AC6: -0.50472102 | AG6: -0.65144842 | AH6: 0.044527929 | AI6: -0.68055801 | AJ6: -0.84975634 | AK6: -1.3633091 | AL6: -1.0892815 | AM6: -1.0075921 | AN6: =IF(AO6 <= PERCENTILE(AO:AO, 0.15), 25 + (AO6 - MIN(AO:AO)) * (41 - 25) / (PERCENTILE(AO:AO, 0.15) - MIN(AO:AO)), IF(AO6 <= PERCENTILE(AO:AO, 0.3), 41 + (AO6 - PERCENTILE(AO:AO, 0.15)) * (55 - 41) / (PERCENTILE(AO:AO, 0.3) - PERCENTILE(AO:AO, 0.15)), IF(AO6 <= PERCENTILE(AO:AO, 0.5), 55 + (AO6 - PERCENTILE(AO:AO, 0.3)) * (65 - 55) / (PERCENTILE(AO:AO, 0.5) - PERCENTILE(AO:AO, 0.3)), IF(AO6 <= PERCENTILE(AO:AO, 0.7), 65 + (AO6 - PERCENTILE(AO:AO, 0.5)) * (75 - 65) / (PERCENTILE(AO:AO, 0.7) - PERCENTILE(AO:AO, 0.5)), IF(AO6 <= PERCENTILE(AO:AO, 0.85), 75 + (AO6 - PERCENTILE(AO:AO, 0.7)) * (80 - 75) / (PERCENTILE(AO:AO, 0.85) - PERCENTILE(AO:AO, 0.7)), IF(AO6 <= PERCENTILE(AO:AO, 0.95), 80 + (AO6 - PERCENTILE(AO:AO, 0.85)) * (90 - 80) / (PERCENTILE(AO:AO, 0.95) - PERCENTILE(AO:AO, 0.85)), 90 + (AO6 - PERCENTILE(AO:AO, 0.95)) * (100 - 90) / (PERCENTILE(AO:AO, 1) - PERCENTILE(AO:AO, 0.95)) )))))) -> 100 | AO6: =(AP6-MEDIAN(AP:AP))/STDEV(AP:AP) -> 0.38508119 | AP6: =IFERROR(AQ6*0.4+AVERAGE(AR6:AU6)*0.45+AVERAGE(AV6:BC6)*0.15, -1) -> -0.27837901 | AQ6: -0.78402361 | AR6: -0.68274727 | AS6: 0.080645827 | BB6: 1.7980619 | BC6: 0.4779815 | BD6: =IF(BE6 <= PERCENTILE(BE:BE, 0.05), 25 + (BE6 - MIN(BE:BE)) * (26 - 25) / (PERCENTILE(BE:BE, 0.05) - MIN(BE:BE)), IF(BE6 <= PERCENTILE(BE:BE, 0.15), 26 + (BE6 - PERCENTILE(BE:BE, 0.05)) * (28 - 26) / (PERCENTILE(BE:BE, 0.15) - PERCENTILE(BE:BE, 0.05)), IF(BE6 <= PERCENTILE(BE:BE, 0.25), 28 + (BE6 - PERCENTILE(BE:BE, 0.15)) * (35 - 28) / (PERCENTILE(BE:BE, 0.25) - PERCENTILE(BE:BE, 0.15)), IF(BE6 <= PERCENTILE(BE:BE, 0.4), 35 + (BE6 - PERCENTILE(BE:BE, 0.25)) * (44 - 35) / (PERCENTILE(BE:BE, 0.4) - PERCENTILE(BE:BE, 0.25)), IF(BE6 <= PERCENTILE(BE:BE, 0.6), 44 + (BE6 - PERCENTILE(BE:BE, 0.4)) * (56 - 44) / (PERCENTILE(BE:BE, 0.6) - PERCENTILE(BE:BE, 0.4)), IF(BE6 <= PERCENTILE(BE:BE, 0.8), 56 + (BE6 - PERCENTILE(BE:BE, 0.6)) * (69 - 56) / (PERCENTILE(BE:BE, 0.8) - PERCENTILE(BE:BE, 0.6)), IF(BE6 <= PERCENTILE(BE:BE, 0.95), 69 + (BE6 - PERCENTILE(BE:BE, 0.8)) * (86 - 69) / (PERCENTILE(BE:BE, 0.95) - PERCENTILE(BE:BE, 0.8)), 86 + (BE6 - PERCENTILE(BE:BE, 0.95)) * (100 - 86) / (PERCENTILE(BE:BE, 1) - PERCENTILE(BE:BE, 0.95)) ))))))) -> 58.748554 | BE6: =(BF6-AVERAGE(BF:BF))/STDEV(BF:BF) -> 0.41374569 | BF6: =IFERROR(AVERAGE(BG6:BJ6),"")*0.9+IFERROR(AVERAGE(BK6:BN6), 0)*0.1 -> -0.041711987 | BG6: -0.35698386 | BH6: -0.18626868 | BI6: 0.43004981 | BK6: 0.040600873 | BL6: -0.38128023 | BM6: 0.04035535 | BN6: -0.0097226455 | BO6: =IF(BP6 <= PERCENTILE(BP:BP, 0.1), 25 + (BP6 - MIN(BP:BP)) * (34 - 25) / (PERCENTILE(BP:BP, 0.1) - MIN(BP:BP)), IF(BP6 <= PERCENTILE(BP:BP, 0.2), 34 + (BP6 - PERCENTILE(BP:BP, 0.1)) * (41 - 34) / (PERCENTILE(BP:BP, 0.2) - PERCENTILE(BP:BP, 0.1)), IF(BP6 <= PERCENTILE(BP:BP, 0.35), 41 + (BP6 - PERCENTILE(BP:BP, 0.2)) * (49 - 41) / (PERCENTILE(BP:BP, 0.35) - PERCENTILE(BP:BP, 0.2)), IF(BP6 <= PERCENTILE(BP:BP, 0.55), 49 + (BP6 - PERCENTILE(BP:BP, 0.35)) * (58 - 49) / (PERCENTILE(BP:BP, 0.55) - PERCENTILE(BP:BP, 0.35)), IF(BP6 <= PERCENTILE(BP:BP, 0.75), 58 + (BP6 - PERCENTILE(BP:BP, 0.55)) * (67 - 58) / (PERCENTILE(BP:BP, 0.75) - PERCENTILE(BP:BP, 0.55)), IF(BP6 <= PERCENTILE(BP:BP, 0.88), 67 + (BP6 - PERCENTILE(BP:BP, 0.75)) * (78 - 67) / (PERCENTILE(BP:BP, 0.88) - PERCENTILE(BP:BP, 0.75)), IF(BP6 <= PERCENTILE(BP:BP, 0.96), 78 + (BP6 - PERCENTILE(BP:BP, 0.88)) * (88 - 78) / (PERCENTILE(BP:BP, 0.96) - PERCENTILE(BP:BP, 0.88)), 88 + (BP6 - PERCENTILE(BP:BP, 0.96)) * (100 - 88) / (PERCENTILE(BP:BP, 1) - PERCENTILE(BP:BP, 0.96)) ))))))) -> 67 | BP6: =(BQ6-AVERAGE(BQ:BQ))/STDEV(BQ:BQ) -> 0.48487566 | BQ6: =BR6*0.3+BS6*0.3+BT6*0.3+IFERROR(AVERAGE(BU6:BX6)*0.1, 0) -> 0.01020304 | BR6: -0.28548947 | BS6: 0.29979333 | BU6: 0.69756131 | BV6: -0.49171873 | BW6: 0.04035535 | BX6: -0.0097226455 | BY6: =IF(BZ6 <= PERCENTILE(BZ:BZ, 0.1), 25 + (BZ6 - MIN(BZ:BZ)) * (29 - 25) / (PERCENTILE(BZ:BZ, 0.1) - MIN(BZ:BZ)), IF(BZ6 <= PERCENTILE(BZ:BZ, 0.2), 29 + (BZ6 - PERCENTILE(BZ:BZ, 0.1)) * (36 - 29) / (PERCENTILE(BZ:BZ, 0.2) - PERCENTILE(BZ:BZ, 0.1)), IF(BZ6 <= PERCENTILE(BZ:BZ, 0.3), 36 + (BZ6 - PERCENTILE(BZ:BZ, 0.2)) * (43 - 36) / (PERCENTILE(BZ:BZ, 0.3) - PERCENTILE(BZ:BZ, 0.2)), IF(BZ6 <= PERCENTILE(BZ:BZ, 0.4), 43 + (BZ6 - PERCENTILE(BZ:BZ, 0.3)) * (49 - 43) / (PERCENTILE(BZ:BZ, 0.4) - PERCENTILE(BZ:BZ, 0.3)), IF(BZ6 <= PERCENTILE(BZ:BZ, 0.5), 49 + (BZ6 - PERCENTILE(BZ:BZ, 0.4)) * (55 - 49) / (PERCENTILE(BZ:BZ, 0.5) - PERCENTILE(BZ:BZ, 0.4)), IF(BZ6 <= PERCENTILE(BZ:BZ, 0.6), 55 + (BZ6 - PERCENTILE(BZ:BZ, 0.5)) * (60 - 55) / (PERCENTILE(BZ:BZ, 0.6) - PERCENTILE(BZ:BZ, 0.5)), IF(BZ6 <= PERCENTILE(BZ:BZ, 0.7), 60 + (BZ6 - PERCENTILE(BZ:BZ, 0.6)) * (66 - 60) / (PERCENTILE(BZ:BZ, 0.7) - PERCENTILE(BZ:BZ, 0.6)), IF(BZ6 <= PERCENTILE(BZ:BZ, 0.8), 66 + (BZ6 - PERCENTILE(BZ:BZ, 0.7)) * (71 - 66) / (PERCENTILE(BZ:BZ, 0.8) - PERCENTILE(BZ:BZ, 0.7)), IF(BZ6 <= PERCENTILE(BZ:BZ, 0.9), 71 + (BZ6 - PERCENTILE(BZ:BZ, 0.8)) * (81 - 71) / (PERCENTILE(BZ:BZ, 0.9) - PERCENTILE(BZ:BZ, 0.8)), IF(BZ6 <= PERCENTILE(BZ:BZ, 0.95), 81 + (BZ6 - PERCENTILE(BZ:BZ, 0.9)) * (88 - 81) / (PERCENTILE(BZ:BZ, 0.95) - PERCENTILE(BZ:BZ, 0.9)), 88 + (BZ6 - PERCENTILE(BZ:BZ, 0.95)) * (100 - 88) / (PERCENTILE(BZ:BZ, 1) - PERCENTILE(BZ:BZ, 0.95)) )))))))))) -> 25 | BZ6: =(CA6-MEDIAN(CA:CA))/STDEV(CA:CA) -> -0.90490552 | CA6: =IFERROR(AVERAGE(CB6:CF6)*0.9+AVERAGE(CG6:CI6)*0.1, -1) -> -0.25721888 | CB6: -0.38128023 | CC6: -0.49449953 | CD6: 0.040600873 | CF6: -0.0097226455 | CG6: -0.77854052 | CI6: -0.56378012 | CJ6: =IF(CK6 <= PERCENTILE(CK:CK, 0.1), 25 + (CK6 - MIN(CK:CK)) * (40 - 25) / (PERCENTILE(CK:CK, 0.1) - MIN(CK:CK)), IF(CK6 <= PERCENTILE(CK:CK, 0.2), 40 + (CK6 - PERCENTILE(CK:CK, 0.1)) * (47 - 40) / (PERCENTILE(CK:CK, 0.2) - PERCENTILE(CK:CK, 0.1)), IF(CK6 <= PERCENTILE(CK:CK, 0.3), 47 + (CK6 - PERCENTILE(CK:CK, 0.2)) * (50 - 47) / (PERCENTILE(CK:CK, 0.3) - PERCENTILE(CK:CK, 0.2)), IF(CK6 <= PERCENTILE(CK:CK, 0.4), 50 + (CK6 - PERCENTILE(CK:CK, 0.3)) * (56 - 50) / (PERCENTILE(CK:CK, 0.4) - PERCENTILE(CK:CK, 0.3)), IF(CK6 <= PERCENTILE(CK:CK, 0.5), 56 + (CK6 - PERCENTILE(CK:CK, 0.4)) * (61 - 56) / (PERCENTILE(CK:CK, 0.5) - PERCENTILE(CK:CK, 0.4)), IF(CK6 <= PERCENTILE(CK:CK, 0.6), 61 + (CK6 - PERCENTILE(CK:CK, 0.5)) * (66 - 61) / (PERCENTILE(CK:CK, 0.6) - PERCENTILE(CK:CK, 0.5)), IF(CK6 <= PERCENTILE(CK:CK, 0.7), 66 + (CK6 - PERCENTILE(CK:CK, 0.6)) * (70 - 66) / (PERCENTILE(CK:CK, 0.7) - PERCENTILE(CK:CK, 0.6)), IF(CK6 <= PERCENTILE(CK:CK, 0.8), 70 + (CK6 - PERCENTILE(CK:CK, 0.7)) * (75 - 70) / (PERCENTILE(CK:CK, 0.8) - PERCENTILE(CK:CK, 0.7)), IF(CK6 <= PERCENTILE(CK:CK, 0.9), 75 + (CK6 - PERCENTILE(CK:CK, 0.8)) * (84 - 75) / (PERCENTILE(CK:CK, 0.9) - PERCENTILE(CK:CK, 0.8)), IF(CK6 <= PERCENTILE(CK:CK, 0.95), 84 + (CK6 - PERCENTILE(CK:CK, 0.9)) * (90 - 84) / (PERCENTILE(CK:CK, 0.95) - PERCENTILE(CK:CK, 0.9)), 90 + (CK6 - PERCENTILE(CK:CK, 0.95)) * (100 - 90) / (PERCENTILE(CK:CK, 1) - PERCENTILE(CK:CK, 0.95)) )))))))))) -> 100 | CK6: =(CL6-MEDIAN(CL:CL))/STDEV(CL:CL) -> 1.2235779 | CL6: =IFERROR(AVERAGE(CM6:CS6)*0.85+IFERROR(AVERAGE(CT6:CU6), 0)*0.1+CV6*0.05,-1) -> -0.22262214 | CM6: -0.13882329 | CN6: -0.10667686 | CO6: -0.19880806 | CP6: -0.22219444 | CQ6: -0.24040789 | CR6: 0.023819932 | CS6: -0.15073814 | CT6: -0.66180748 | CU6: -0.71612828 | CV6: -0.56378012 | CW6: =IF(CX6 <= PERCENTILE(CX:CX, 0.1), 25 + (CX6 - MIN(CX:CX)) * (62 - 25) / (PERCENTILE(CX:CX, 0.1) - MIN(CX:CX)), IF(CX6 <= PERCENTILE(CX:CX, 0.2), 62 + (CX6 - PERCENTILE(CX:CX, 0.1)) * (70 - 62) / (PERCENTILE(CX:CX, 0.2) - PERCENTILE(CX:CX, 0.1)), IF(CX6 <= PERCENTILE(CX:CX, 0.3), 70 + (CX6 - PERCENTILE(CX:CX, 0.2)) * (75 - 70) / (PERCENTILE(CX:CX, 0.3) - PERCENTILE(CX:CX, 0.2)), IF(CX6 <= PERCENTILE(CX:CX, 0.4), 75 + (CX6 - PERCENTILE(CX:CX, 0.3)) * (78 - 75) / (PERCENTILE(CX:CX, 0.4) - PERCENTILE(CX:CX, 0.3)), IF(CX6 <= PERCENTILE(CX:CX, 0.5), 78 + (CX6 - PERCENTILE(CX:CX, 0.4)) * (80 - 78) / (PERCENTILE(CX:CX, 0.5) - PERCENTILE(CX:CX, 0.4)), IF(CX6 <= PERCENTILE(CX:CX, 0.6), 80 + (CX6 - PERCENTILE(CX:CX, 0.5)) * (83 - 80) / (PERCENTILE(CX:CX, 0.6) - PERCENTILE(CX:CX, 0.5)), IF(CX6 <= PERCENTILE(CX:CX, 0.7), 83 + (CX6 - PERCENTILE(CX:CX, 0.6)) * (85 - 83) / (PERCENTILE(CX:CX, 0.7) - PERCENTILE(CX:CX, 0.6)), IF(CX6 <= PERCENTILE(CX:CX, 0.8), 85 + (CX6 - PERCENTILE(CX:CX, 0.7)) * (90 - 85) / (PERCENTILE(CX:CX, 0.8) - PERCENTILE(CX:CX, 0.7)), IF(CX6 <= PERCENTILE(CX:CX, 0.88), 90 + (CX6 - PERCENTILE(CX:CX, 0.8)) * (95 - 90) / (PERCENTILE(CX:CX, 0.88) - PERCENTILE(CX:CX, 0.8)), IF(CX6 <= PERCENTILE(CX:CX, 0.94), 95 + (CX6 - PERCENTILE(CX:CX, 0.88)) * (98 - 95) / (PERCENTILE(CX:CX, 0.94) - PERCENTILE(CX:CX, 0.88)), IF(CX6 <= PERCENTILE(CX:CX, 0.98), 98, 98 + (CX6 - PERCENTILE(CX:CX, 0.98)) * (100 - 98) / (PERCENTILE(CX:CX, 1) - PERCENTILE(CX:CX, 0.98)) ))))))))))) -> 100 | CX6: =(CY6-MEDIAN(CY:CY))/STDEV(CY:CY) -> 1.8214765 | CY6: =IFERROR(AVERAGE(CZ6:DB6), -2) -> 1.7450457 | CZ6: 2.4099345 | DA6: 1.8692784 | DB6: 0.95592426

Sheet Cal
B1: Season | C1: Player | D1: Rotation Role | E1: MIN | F1: =DataPull!D1 | G1: =H1 | H1: =F1 | I1: =CONCAT("INV_", H1) -> INV_ | J1: =I1 -> INV_ | L1: average | M1: =SUBTOTAL(1, F:F) -> #DIV/0! | N1: stdev | O1: =SUBTOTAL(7, F:F) -> #DIV/0! | P1: =IF(#REF!="2023-24", IF(L1<500, IF(O1>0, O1*L1/500, O1), O1), IF(L1<1000, IF(O1>0, O1*L1/1000, O1), O1)) -> #REF!
A2: 708 | B2: 2013-14 | C2: Kevin Garnett | D2: Key Rotation | E2: 1107 | F2: =DataPull!D2 | G2: =if(F2<>"", (F2-$M$1)/$O$1,) | H2: =if(F2<>"",IFERROR(IF(B2 = "2025-26", if(OR(E2 >= 200, OR(D2 <> "Too Few Games"), D2 = "Rotation"), G2, if(G2 > 0, G2*E2/1000, G2-1)), if(OR(E2 >= 1000, D2 <> "Garbage Time"), G2, if(G2 > 0, G2*E2/1000, G2-1))), ),) | I2: =if(G2 = "", , -G2) | J2: =if(H2 = "", , -H2)
A3: 708 | B3: 2014-15 | C3: Kevin Garnett | D3: Rotation | E3: 954.1 | F3: =DataPull!D3 | G3: =if(F3<>"", (F3-$M$1)/$O$1,) | H3: =if(F3<>"",IFERROR(IF(B3 = "2025-26", if(OR(E3 >= 200, OR(D3 <> "Too Few Games"), D3 = "Rotation"), G3, if(G3 > 0, G3*E3/1000, G3-1)), if(OR(E3 >= 1000, D3 <> "Garbage Time"), G3, if(G3 > 0, G3*E3/1000, G3-1))), ),) | I3: =if(G3 = "", , -G3) | J3: =if(H3 = "", , -H3)
A4: 708 | B4: 2015-16 | C4: Kevin Garnett | D4: Rotation | E4: 554.8 | F4: =DataPull!D4 | G4: =if(F4<>"", (F4-$M$1)/$O$1,) | H4: =if(F4<>"",IFERROR(IF(B4 = "2025-26", if(OR(E4 >= 200, OR(D4 <> "Too Few Games"), D4 = "Rotation"), G4, if(G4 > 0, G4*E4/1000, G4-1)), if(OR(E4 >= 1000, D4 <> "Garbage Time"), G4, if(G4 > 0, G4*E4/1000, G4-1))), ),) | I4: =if(G4 = "", , -G4) | J4: =if(H4 = "", , -H4)
A5: 951 | B5: 2013-14 | C5: Ray Allen | D5: Starter | E5: 1934.5 | F5: =DataPull!D5 | G5: =if(F5<>"", (F5-$M$1)/$O$1,) | H5: =if(F5<>"",IFERROR(IF(B5 = "2025-26", if(OR(E5 >= 200, OR(D5 <> "Too Few Games"), D5 = "Rotation"), G5, if(G5 > 0, G5*E5/1000, G5-1)), if(OR(E5 >= 1000, D5 <> "Garbage Time"), G5, if(G5 > 0, G5*E5/1000, G5-1))), ),) | I5: =if(G5 = "", , -G5) | J5: =if(H5 = "", , -H5)
A6: 959 | B6: 2013-14 | C6: Steve Nash | D6: Rotation | E6: 312 | F6: =DataPull!D6 | G6: =if(F6<>"", (F6-$M$1)/$O$1,) | H6: =if(F6<>"",IFERROR(IF(B6 = "2025-26", if(OR(E6 >= 200, OR(D6 <> "Too Few Games"), D6 = "Rotation"), G6, if(G6 > 0, G6*E6/1000, G6-1)), if(OR(E6 >= 1000, D6 <> "Garbage Time"), G6, if(G6 > 0, G6*E6/1000, G6-1))), ),) | I6: =if(G6 = "", , -G6) | J6: =if(H6 = "", , -H6)
A7: 965 | B7: 2013-14 | C7: Derek Fisher | D7: Rotation | E7: 1425.6 | F7: =DataPull!D7 | G7: =if(F7<>"", (F7-$M$1)/$O$1,) | H7: =if(F7<>"",IFERROR(IF(B7 = "2025-26", if(OR(E7 >= 200, OR(D7 <> "Too Few Games"), D7 = "Rotation"), G7, if(G7 > 0, G7*E7/1000, G7-1)), if(OR(E7 >= 1000, D7 <> "Garbage Time"), G7, if(G7 > 0, G7*E7/1000, G7-1))), ),) | I7: =if(G7 = "", , -G7) | J7: =if(H7 = "", , -H7)
A8: 977 | B8: 2013-14 | C8: Kobe Bryant | D8: Too Few Games | E8: 177 | F8: =DataPull!D8 | G8: =if(F8<>"", (F8-$M$1)/$O$1,) | H8: =if(F8<>"",IFERROR(IF(B8 = "2025-26", if(OR(E8 >= 200, OR(D8 <> "Too Few Games"), D8 = "Rotation"), G8, if(G8 > 0, G8*E8/1000, G8-1)), if(OR(E8 >= 1000, D8 <> "Garbage Time"), G8, if(G8 > 0, G8*E8/1000, G8-1))), ),) | I8: =if(G8 = "", , -G8) | J8: =if(H8 = "", , -H8)
A9: 977 | B9: 2014-15 | C9: Kobe Bryant | D9: Starter | E9: 1207.5 | F9: =DataPull!D9 | G9: =if(F9<>"", (F9-$M$1)/$O$1,) | H9: =if(F9<>"",IFERROR(IF(B9 = "2025-26", if(OR(E9 >= 200, OR(D9 <> "Too Few Games"), D9 = "Rotation"), G9, if(G9 > 0, G9*E9/1000, G9-1)), if(OR(E9 >= 1000, D9 <> "Garbage Time"), G9, if(G9 > 0, G9*E9/1000, G9-1))), ),) | I9: =if(G9 = "", , -G9) | J9: =if(H9 = "", , -H9)
A10: 977 | B10: 2015-16 | C10: Kobe Bryant | D10: Starter | E10: 1861.2 | F10: =DataPull!D10 | G10: =if(F10<>"", (F10-$M$1)/$O$1,) | H10: =if(F10<>"",IFERROR(IF(B10 = "2025-26", if(OR(E10 >= 200, OR(D10 <> "Too Few Games"), D10 = "Rotation"), G10, if(G10 > 0, G10*E10/1000, G10-1)), if(OR(E10 >= 1000, D10 <> "Garbage Time"), G10, if(G10 > 0, G10*E10/1000, G10-1))), ),) | I10: =if(G10 = "", , -G10) | J10: =if(H10 = "", , -H10)
A11: 979 | B11: 2013-14 | C11: Jermaine ONeal | D11: Rotation | E11: 884.4 | F11: =DataPull!D11 | G11: =if(F11<>"", (F11-$M$1)/$O$1,) | H11: =if(F11<>"",IFERROR(IF(B11 = "2025-26", if(OR(E11 >= 200, OR(D11 <> "Too Few Games"), D11 = "Rotation"), G11, if(G11 > 0, G11*E11/1000, G11-1)), if(OR(E11 >= 1000, D11 <> "Garbage Time"), G11, if(G11 > 0, G11*E11/1000, G11-1))), ),) | I11: =if(G11 = "", , -G11) | J11: =if(H11 = "", , -H11)
A12: 1495 | B12: 2013-14 | C12: Tim Duncan | D12: Star | E12: 2160.8 | F12: =DataPull!D12 | G12: =if(F12<>"", (F12-$M$1)/$O$1,) | H12: =if(F12<>"",IFERROR(IF(B12 = "2025-26", if(OR(E12 >= 200, OR(D12 <> "Too Few Games"), D12 = "Rotation"), G12, if(G12 > 0, G12*E12/1000, G12-1)), if(OR(E12 >= 1000, D12 <> "Garbage Time"), G12, if(G12 > 0, G12*E12/1000, G12-1))), ),) | I12: =if(G12 = "", , -G12) | J12: =if(H12 = "", , -H12)
A13: 1495 | B13: 2014-15 | C13: Tim Duncan | D13: Star | E13: 2225.3 | F13: =DataPull!D13 | G13: =if(F13<>"", (F13-$M$1)/$O$1,) | H13: =if(F13<>"",IFERROR(IF(B13 = "2025-26", if(OR(E13 >= 200, OR(D13 <> "Too Few Games"), D13 = "Rotation"), G13, if(G13 > 0, G13*E13/1000, G13-1)), if(OR(E13 >= 1000, D13 <> "Garbage Time"), G13, if(G13 > 0, G13*E13/1000, G13-1))), ),) | I13: =if(G13 = "", , -G13) | J13: =if(H13 = "", , -H13)
... A526: 101236 | B526: 2015-16 | C526: Chuck Hayes | D526: Too Few Games | E526: 23.8 | F526: =DataPull!D526 | G526: =if(F526<>"", (F526-$M$1)/$O$1,) | H526: =if(F526<>"",IFERROR(IF(B526 = "2025-26", if(OR(E526 >= 200, OR(D526 <> "Too Few Games"), D526 = "Rotation"), G526, if(G526 > 0, G526*E526/1000, G526-1)), if(OR(E526 >= 1000, D526 <> "Garbage Time"), G526, if(G526 > 0, G526*E526/1000, G526-1))), ),) | I526: =if(G526 = "", , -G526) | J526: =if(H526 = "", , -H526)
A527: 101249 | B527: 2013-14 | C527: John Lucas | D527: Rotation | F527: =DataPull!D527 | G527: =if(F527<>"", (F527-$M$1)/$O$1,) | H527: =if(F527<>"",IFERROR(IF(B527 = "2025-26", if(OR(E527 >= 200, OR(D527 <> "Too Few Games"), D527 = "Rotation"), G527, if(G527 > 0, G527*E527/1000, G527-1)), if(OR(E527 >= 1000, D527 <> "Garbage Time"), G527, if(G527 > 0, G527*E527/1000, G527-1))), ),) | I527: =if(G527 = "", , -G527) | J527: =if(H527 = "", , -H527)
A528: 101249 | B528: 2014-15 | C528: John Lucas | D528: Garbage Time | F528: =DataPull!D528 | G528: =if(F528<>"", (F528-$M$1)/$O$1,) | H528: =if(F528<>"",IFERROR(IF(B528 = "2025-26", if(OR(E528 >= 200, OR(D528 <> "Too Few Games"), D528 = "Rotation"), G528, if(G528 > 0, G528*E528/1000, G528-1)), if(OR(E528 >= 1000, D528 <> "Garbage Time"), G528, if(G528 > 0, G528*E528/1000, G528-1))), ),) | I528: =if(G528 = "", , -G528) | J528: =if(H528 = "", , -H528)
A529: 101249 | B529: 2016-17 | C529: John Lucas | D529: Too Few Games | F529: =DataPull!D529 | G529: =if(F529<>"", (F529-$M$1)/$O$1,) | H529: =if(F529<>"",IFERROR(IF(B529 = "2025-26", if(OR(E529 >= 200, OR(D529 <> "Too Few Games"), D529 = "Rotation"), G529, if(G529 > 0, G529*E529/1000, G529-1)), if(OR(E529 >= 1000, D529 <> "Garbage Time"), G529, if(G529 > 0, G529*E529/1000, G529-1))), ),) | I529: =if(G529 = "", , -G529) | J529: =if(H529 = "", , -H529)
A530: 200745 | B530: 2013-14 | C530: Andrea Bargnani | D530: Starter | E530: 1255.8 | F530: =DataPull!D530 | G530: =if(F530<>"", (F530-$M$1)/$O$1,) | H530: =if(F530<>"",IFERROR(IF(B530 = "2025-26", if(OR(E530 >= 200, OR(D530 <> "Too Few Games"), D530 = "Rotation"), G530, if(G530 > 0, G530*E530/1000, G530-1)), if(OR(E530 >= 1000, D530 <> "Garbage Time"), G530, if(G530 > 0, G530*E530/1000, G530-1))), ),) | I530: =if(G530 = "", , -G530) | J530: =if(H530 = "", , -H530)
A531: 200745 | B531: 2014-15 | C531: Andrea Bargnani | D531: Starter | E531: 785.9 | F531: =DataPull!D531 | G531: =if(F531<>"", (F531-$M$1)/$O$1,) | H531: =if(F531<>"",IFERROR(IF(B531 = "2025-26", if(OR(E531 >= 200, OR(D531 <> "Too Few Games"), D531 = "Rotation"), G531, if(G531 > 0, G531*E531/1000, G531-1)), if(OR(E531 >= 1000, D531 <> "Garbage Time"), G531, if(G531 > 0, G531*E531/1000, G531-1))), ),) | I531: =if(G531 = "", , -G531) | J531: =if(H531 = "", , -H531)
A532: 200745 | B532: 2015-16 | C532: Andrea Bargnani | D532: Rotation | E532: 634.8 | F532: =DataPull!D532 | G532: =if(F532<>"", (F532-$M$1)/$O$1,) | H532: =if(F532<>"",IFERROR(IF(B532 = "2025-26", if(OR(E532 >= 200, OR(D532 <> "Too Few Games"), D532 = "Rotation"), G532, if(G532 > 0, G532*E532/1000, G532-1)), if(OR(E532 >= 1000, D532 <> "Garbage Time"), G532, if(G532 > 0, G532*E532/1000, G532-1))), ),) | I532: =if(G532 = "", , -G532) | J532: =if(H532 = "", , -H532)
A533: 200746 | B533: 2013-14 | C533: LaMarcus Aldridge | D533: Star | E533: 2497.8 | F533: =DataPull!D533 | G533: =if(F533<>"", (F533-$M$1)/$O$1,) | H533: =if(F533<>"",IFERROR(IF(B533 = "2025-26", if(OR(E533 >= 200, OR(D533 <> "Too Few Games"), D533 = "Rotation"), G533, if(G533 > 0, G533*E533/1000, G533-1)), if(OR(E533 >= 1000, D533 <> "Garbage Time"), G533, if(G533 > 0, G533*E533/1000, G533-1))), ),) | I533: =if(G533 = "", , -G533) | J533: =if(H533 = "", , -H533)
A534: 200746 | B534: 2014-15 | C534: LaMarcus Aldridge | D534: Star | E534: 2513.4 | F534: =DataPull!D534 | G534: =if(F534<>"", (F534-$M$1)/$O$1,) | H534: =if(F534<>"",IFERROR(IF(B534 = "2025-26", if(OR(E534 >= 200, OR(D534 <> "Too Few Games"), D534 = "Rotation"), G534, if(G534 > 0, G534*E534/1000, G534-1)), if(OR(E534 >= 1000, D534 <> "Garbage Time"), G534, if(G534 > 0, G534*E534/1000, G534-1))), ),) | I534: =if(G534 = "", , -G534) | J534: =if(H534 = "", , -H534)
A535: 200746 | B535: 2015-16 | C535: LaMarcus Aldridge | D535: Star | E535: 2264.4 | F535: =DataPull!D535 | G535: =if(F535<>"", (F535-$M$1)/$O$1,) | H535: =if(F535<>"",IFERROR(IF(B535 = "2025-26", if(OR(E535 >= 200, OR(D535 <> "Too Few Games"), D535 = "Rotation"), G535, if(G535 > 0, G535*E535/1000, G535-1)), if(OR(E535 >= 1000, D535 <> "Garbage Time"), G535, if(G535 > 0, G535*E535/1000, G535-1))), ),) | I535: =if(G535 = "", , -G535) | J535: =if(H535 = "", , -H535)
A536: 200746 | B536: 2016-17 | C536: LaMarcus Aldridge | D536: Star | E536: 2332.8 | F536: =DataPull!D536 | G536: =if(F536<>"", (F536-$M$1)/$O$1,) | H536: =if(F536<>"",IFERROR(IF(B536 = "2025-26", if(OR(E536 >= 200, OR(D536 <> "Too Few Games"), D536 = "Rotation"), G536, if(G536 > 0, G536*E536/1000, G536-1)), if(OR(E536 >= 1000, D536 <> "Garbage Time"), G536, if(G536 > 0, G536*E536/1000, G536-1))), ),) | I536: =if(G536 = "", , -G536) | J536: =if(H536 = "", , -H536)
A537: 200746 | B537: 2017-18 | C537: LaMarcus Aldridge | D537: Star | E537: 2505 | F537: =DataPull!D537 | G537: =if(F537<>"", (F537-$M$1)/$O$1,) | H537: =if(F537<>"",IFERROR(IF(B537 = "2025-26", if(OR(E537 >= 200, OR(D537 <> "Too Few Games"), D537 = "Rotation"), G537, if(G537 > 0, G537*E537/1000, G537-1)), if(OR(E537 >= 1000, D537 <> "Garbage Time"), G537, if(G537 > 0, G537*E537/1000, G537-1))), ),) | I537: =if(G537 = "", , -G537) | J537: =if(H537 = "", , -H537)
A538: 200746 | B538: 2018-19 | C538: LaMarcus Aldridge | D538: Star | E538: 2689.2 | F538: =DataPull!D538 | G538: =if(F538<>"", (F538-$M$1)/$O$1,) | H538: =if(F538<>"",IFERROR(IF(B538 = "2025-26", if(OR(E538 >= 200, OR(D538 <> "Too Few Games"), D538 = "Rotation"), G538, if(G538 > 0, G538*E538/1000, G538-1)), if(OR(E538 >= 1000, D538 <> "Garbage Time"), G538, if(G538 > 0, G538*E538/1000, G538-1))), ),) | I538: =if(G538 = "", , -G538) | J538: =if(H538 = "", , -H538)
A539: 200746 | B539: 2019-20 | C539: LaMarcus Aldridge | D539: Star | E539: 1754.3 | F539: =DataPull!D539 | G539: =if(F539<>"", (F539-$M$1)/$O$1,) | H539: =if(F539<>"",IFERROR(IF(B539 = "2025-26", if(OR(E539 >= 200, OR(D539 <> "Too Few Games"), D539 = "Rotation"), G539, if(G539 > 0, G539*E539/1000, G539-1)), if(OR(E539 >= 1000, D539 <> "Garbage Time"), G539, if(G539 > 0, G539*E539/1000, G539-1))), ),) | I539: =if(G539 = "", , -G539) | J539: =if(H539 = "", , -H539)
A540: 200746 | B540: 2020-21 | C540: LaMarcus Aldridge | D540: Key Rotation | E540: 673.4 | F540: =DataPull!D540 | G540: =if(F540<>"", (F540-$M$1)/$O$1,) | H540: =if(F540<>"",IFERROR(IF(B540 = "2025-26", if(OR(E540 >= 200, OR(D540 <> "Too Few Games"), D540 = "Rotation"), G540, if(G540 > 0, G540*E540/1000, G540-1)), if(OR(E540 >= 1000, D540 <> "Garbage Time"), G540, if(G540 > 0, G540*E540/1000, G540-1))), ),) | I540: =if(G540 = "", , -G540) | J540: =if(H540 = "", , -H540)
A541: 200746 | B541: 2021-22 | C541: LaMarcus Aldridge | D541: Rotation | E541: 1048.1 | F541: =DataPull!D541 | G541: =if(F541<>"", (F541-$M$1)/$O$1,) | H541: =if(F541<>"",IFERROR(IF(B541 = "2025-26", if(OR(E541 >= 200, OR(D541 <> "Too Few Games"), D541 = "Rotation"), G541, if(G541 > 0, G541*E541/1000, G541-1)), if(OR(E541 >= 1000, D541 <> "Garbage Time"), G541, if(G541 > 0, G541*E541/1000, G541-1))), ),) | I541: =if(G541 = "", , -G541) | J541: =if(H541 = "", , -H541)
... A1501: 202343 | B1501: 2013-14 | C1501: Elliot Williams | D1501: Rotation | E1501: 1159.1 | F1501: =DataPull!D1501 | G1501: =if(F1501<>"", (F1501-$M$1)/$O$1,) | H1501: =if(F1501<>"",IFERROR(IF(B1501 = "2025-26", if(OR(E1501 >= 200, OR(D1501 <> "Too Few Games"), D1501 = "Rotation"), G1501, if(G1501 > 0, G1501*E1501/1000, G1501-1)), if(OR(E1501 >= 1000, D1501 <> "Garbage Time"), G1501, if(G1501 > 0, G1501*E1501/1000, G1501-1))), ),) | I1501: =if(G1501 = "", , -G1501) | J1501: =if(H1501 = "", , -H1501)
A1502: 202343 | B1502: 2014-15 | C1502: Elliot Williams | E1502: 118.3 | F1502: =DataPull!D1502 | G1502: =if(F1502<>"", (F1502-$M$1)/$O$1,) | H1502: =if(F1502<>"",IFERROR(IF(B1502 = "2025-26", if(OR(E1502 >= 200, OR(D1502 <> "Too Few Games"), D1502 = "Rotation"), G1502, if(G1502 > 0, G1502*E1502/1000, G1502-1)), if(OR(E1502 >= 1000, D1502 <> "Garbage Time"), G1502, if(G1502 > 0, G1502*E1502/1000, G1502-1))), ),) | I1502: =if(G1502 = "", , -G1502) | J1502: =if(H1502 = "", , -H1502)
A1503: 202343 | B1503: 2015-16 | C1503: Elliot Williams | D1503: Too Few Games | E1503: 45 | F1503: =DataPull!D1503 | G1503: =if(F1503<>"", (F1503-$M$1)/$O$1,) | H1503: =if(F1503<>"",IFERROR(IF(B1503 = "2025-26", if(OR(E1503 >= 200, OR(D1503 <> "Too Few Games"), D1503 = "Rotation"), G1503, if(G1503 > 0, G1503*E1503/1000, G1503-1)), if(OR(E1503 >= 1000, D1503 <> "Garbage Time"), G1503, if(G1503 > 0, G1503*E1503/1000, G1503-1))), ),) | I1503: =if(G1503 = "", , -G1503) | J1503: =if(H1503 = "", , -H1503)
A1504: 202344 | B1504: 2013-14 | C1504: Trevor Booker | D1504: Key Rotation | E1504: 1555.2 | F1504: =DataPull!D1504 | G1504: =if(F1504<>"", (F1504-$M$1)/$O$1,) | H1504: =if(F1504<>"",IFERROR(IF(B1504 = "2025-26", if(OR(E1504 >= 200, OR(D1504 <> "Too Few Games"), D1504 = "Rotation"), G1504, if(G1504 > 0, G1504*E1504/1000, G1504-1)), if(OR(E1504 >= 1000, D1504 <> "Garbage Time"), G1504, if(G1504 > 0, G1504*E1504/1000, G1504-1))), ),) | I1504: =if(G1504 = "", , -G1504) | J1504: =if(H1504 = "", , -H1504)
A1505: 202344 | B1505: 2014-15 | C1505: Trevor Booker | D1505: Rotation | E1505: 1564.2 | F1505: =DataPull!D1505 | G1505: =if(F1505<>"", (F1505-$M$1)/$O$1,) | H1505: =if(F1505<>"",IFERROR(IF(B1505 = "2025-26", if(OR(E1505 >= 200, OR(D1505 <> "Too Few Games"), D1505 = "Rotation"), G1505, if(G1505 > 0, G1505*E1505/1000, G1505-1)), if(OR(E1505 >= 1000, D1505 <> "Garbage Time"), G1505, if(G1505 > 0, G1505*E1505/1000, G1505-1))), ),) | I1505: =if(G1505 = "", , -G1505) | J1505: =if(H1505 = "", , -H1505)
A1506: 202344 | B1506: 2015-16 | C1506: Trevor Booker | D1506: Rotation | E1506: 1635.3 | F1506: =DataPull!D1506 | G1506: =if(F1506<>"", (F1506-$M$1)/$O$1,) | H1506: =if(F1506<>"",IFERROR(IF(B1506 = "2025-26", if(OR(E1506 >= 200, OR(D1506 <> "Too Few Games"), D1506 = "Rotation"), G1506, if(G1506 > 0, G1506*E1506/1000, G1506-1)), if(OR(E1506 >= 1000, D1506 <> "Garbage Time"), G1506, if(G1506 > 0, G1506*E1506/1000, G1506-1))), ),) | I1506: =if(G1506 = "", , -G1506) | J1506: =if(H1506 = "", , -H1506)
A1507: 202344 | B1507: 2016-17 | C1507: Trevor Booker | D1507: Starter | E1507: 1753.7 | F1507: =DataPull!D1507 | G1507: =if(F1507<>"", (F1507-$M$1)/$O$1,) | H1507: =if(F1507<>"",IFERROR(IF(B1507 = "2025-26", if(OR(E1507 >= 200, OR(D1507 <> "Too Few Games"), D1507 = "Rotation"), G1507, if(G1507 > 0, G1507*E1507/1000, G1507-1)), if(OR(E1507 >= 1000, D1507 <> "Garbage Time"), G1507, if(G1507 > 0, G1507*E1507/1000, G1507-1))), ),) | I1507: =if(G1507 = "", , -G1507) | J1507: =if(H1507 = "", , -H1507)
A1508: 202344 | B1508: 2017-18 | C1508: Trevor Booker | D1508: Rotation | E1508: 1156 | F1508: =DataPull!D1508 | G1508: =if(F1508<>"", (F1508-$M$1)/$O$1,) | H1508: =if(F1508<>"",IFERROR(IF(B1508 = "2025-26", if(OR(E1508 >= 200, OR(D1508 <> "Too Few Games"), D1508 = "Rotation"), G1508, if(G1508 > 0, G1508*E1508/1000, G1508-1)), if(OR(E1508 >= 1000, D1508 <> "Garbage Time"), G1508, if(G1508 > 0, G1508*E1508/1000, G1508-1))), ),) | I1508: =if(G1508 = "", , -G1508) | J1508: =if(H1508 = "", , -H1508)
A1509: 202345 | B1509: 2013-14 | C1509: Damion James | D1509: Too Few Games | E1509: 50.5 | F1509: =DataPull!D1509 | G1509: =if(F1509<>"", (F1509-$M$1)/$O$1,) | H1509: =if(F1509<>"",IFERROR(IF(B1509 = "2025-26", if(OR(E1509 >= 200, OR(D1509 <> "Too Few Games"), D1509 = "Rotation"), G1509, if(G1509 > 0, G1509*E1509/1000, G1509-1)), if(OR(E1509 >= 1000, D1509 <> "Garbage Time"), G1509, if(G1509 > 0, G1509*E1509/1000, G1509-1))), ),) | I1509: =if(G1509 = "", , -G1509) | J1509: =if(H1509 = "", , -H1509)
A1510: 202347 | B1510: 2013-14 | C1510: Quincy Pondexter | D1510: Garbage Time | E1510: 270 | F1510: =DataPull!D1510 | G1510: =if(F1510<>"", (F1510-$M$1)/$O$1,) | H1510: =if(F1510<>"",IFERROR(IF(B1510 = "2025-26", if(OR(E1510 >= 200, OR(D1510 <> "Too Few Games"), D1510 = "Rotation"), G1510, if(G1510 > 0, G1510*E1510/1000, G1510-1)), if(OR(E1510 >= 1000, D1510 <> "Garbage Time"), G1510, if(G1510 > 0, G1510*E1510/1000, G1510-1))), ),) | I1510: =if(G1510 = "", , -G1510) | J1510: =if(H1510 = "", , -H1510)
A1511: 202347 | B1511: 2014-15 | C1511: Quincy Pondexter | D1511: Starter | E1511: 1792.5 | F1511: =DataPull!D1511 | G1511: =if(F1511<>"", (F1511-$M$1)/$O$1,) | H1511: =if(F1511<>"",IFERROR(IF(B1511 = "2025-26", if(OR(E1511 >= 200, OR(D1511 <> "Too Few Games"), D1511 = "Rotation"), G1511, if(G1511 > 0, G1511*E1511/1000, G1511-1)), if(OR(E1511 >= 1000, D1511 <> "Garbage Time"), G1511, if(G1511 > 0, G1511*E1511/1000, G1511-1))), ),) | I1511: =if(G1511 = "", , -G1511) | J1511: =if(H1511 = "", , -H1511)
A1512: 202347 | B1512: 2017-18 | C1512: Quincy Pondexter | D1512: Garbage Time | E1512: 195.5 | F1512: =DataPull!D1512 | G1512: =if(F1512<>"", (F1512-$M$1)/$O$1,) | H1512: =if(F1512<>"",IFERROR(IF(B1512 = "2025-26", if(OR(E1512 >= 200, OR(D1512 <> "Too Few Games"), D1512 = "Rotation"), G1512, if(G1512 > 0, G1512*E1512/1000, G1512-1)), if(OR(E1512 >= 1000, D1512 <> "Garbage Time"), G1512, if(G1512 > 0, G1512*E1512/1000, G1512-1))), ),) | I1512: =if(G1512 = "", , -G1512) | J1512: =if(H1512 = "", , -H1512)
A1513: 202347 | B1513: 2018-19 | C1513: Quincy Pondexter | D1513: Garbage Time | E1513: 291.5 | F1513: =DataPull!D1513 | G1513: =if(F1513<>"", (F1513-$M$1)/$O$1,) | H1513: =if(F1513<>"",IFERROR(IF(B1513 = "2025-26", if(OR(E1513 >= 200, OR(D1513 <> "Too Few Games"), D1513 = "Rotation"), G1513, if(G1513 > 0, G1513*E1513/1000, G1513-1)), if(OR(E1513 >= 1000, D1513 <> "Garbage Time"), G1513, if(G1513 > 0, G1513*E1513/1000, G1513-1))), ),) | I1513: =if(G1513 = "", , -G1513) | J1513: =if(H1513 = "", , -H1513)
A1514: 202348 | B1514: 2013-14 | C1514: Jordan Crawford | D1514: Rotation | E1514: 1863 | F1514: =DataPull!D1514 | G1514: =if(F1514<>"", (F1514-$M$1)/$O$1,) | H1514: =if(F1514<>"",IFERROR(IF(B1514 = "2025-26", if(OR(E1514 >= 200, OR(D1514 <> "Too Few Games"), D1514 = "Rotation"), G1514, if(G1514 > 0, G1514*E1514/1000, G1514-1)), if(OR(E1514 >= 1000, D1514 <> "Garbage Time"), G1514, if(G1514 > 0, G1514*E1514/1000, G1514-1))), ),) | I1514: =if(G1514 = "", , -G1514) | J1514: =if(H1514 = "", , -H1514)
... A1584: 202399 | B1584: 2013-14 | C1584: Jeff Adrien | D1584: Key Rotation | E1584: 959.3 | F1584: =DataPull!D1584 | G1584: =if(F1584<>"", (F1584-$M$1)/$O$1,) | H1584: =if(F1584<>"",IFERROR(IF(B1584 = "2025-26", if(OR(E1584 >= 200, OR(D1584 <> "Too Few Games"), D1584 = "Rotation"), G1584, if(G1584 > 0, G1584*E1584/1000, G1584-1)), if(OR(E1584 >= 1000, D1584 <> "Garbage Time"), G1584, if(G1584 > 0, G1584*E1584/1000, G1584-1))), ),) | I1584: =if(G1584 = "", , -G1584) | J1584: =if(H1584 = "", , -H1584)
A1585: 202399 | B1585: 2014-15 | C1585: Jeff Adrien | E1585: 215.9 | F1585: =DataPull!D1585 | G1585: =if(F1585<>"", (F1585-$M$1)/$O$1,) | H1585: =if(F1585<>"",IFERROR(IF(B1585 = "2025-26", if(OR(E1585 >= 200, OR(D1585 <> "Too Few Games"), D1585 = "Rotation"), G1585, if(G1585 > 0, G1585*E1585/1000, G1585-1)), if(OR(E1585 >= 1000, D1585 <> "Garbage Time"), G1585, if(G1585 > 0, G1585*E1585/1000, G1585-1))), ),) | I1585: =if(G1585 = "", , -G1585) | J1585: =if(H1585 = "", , -H1585)
A1586: 202407 | B1586: 2014-15 | C1586: Elijah Millsap | D1586: Rotation | E1586: 925.9 | F1586: =DataPull!D1586 | G1586: =if(F1586<>"", (F1586-$M$1)/$O$1,) | H1586: =if(F1586<>"",IFERROR(IF(B1586 = "2025-26", if(OR(E1586 >= 200, OR(D1586 <> "Too Few Games"), D1586 = "Rotation"), G1586, if(G1586 > 0, G1586*E1586/1000, G1586-1)), if(OR(E1586 >= 1000, D1586 <> "Garbage Time"), G1586, if(G1586 > 0, G1586*E1586/1000, G1586-1))), ),) | I1586: =if(G1586 = "", , -G1586) | J1586: =if(H1586 = "", , -H1586)
A1587: 202407 | B1587: 2015-16 | C1587: Elijah Millsap | D1587: Garbage Time | E1587: 172 | F1587: =DataPull!D1587 | G1587: =if(F1587<>"", (F1587-$M$1)/$O$1,) | H1587: =if(F1587<>"",IFERROR(IF(B1587 = "2025-26", if(OR(E1587 >= 200, OR(D1587 <> "Too Few Games"), D1587 = "Rotation"), G1587, if(G1587 > 0, G1587*E1587/1000, G1587-1)), if(OR(E1587 >= 1000, D1587 <> "Garbage Time"), G1587, if(G1587 > 0, G1587*E1587/1000, G1587-1))), ),) | I1587: =if(G1587 = "", , -G1587) | J1587: =if(H1587 = "", , -H1587)
A1588: 202407 | B1588: 2016-17 | C1588: Elijah Millsap | D1588: Too Few Games | E1588: 23.2 | F1588: =DataPull!D1588 | G1588: =if(F1588<>"", (F1588-$M$1)/$O$1,) | H1588: =if(F1588<>"",IFERROR(IF(B1588 = "2025-26", if(OR(E1588 >= 200, OR(D1588 <> "Too Few Games"), D1588 = "Rotation"), G1588, if(G1588 > 0, G1588*E1588/1000, G1588-1)), if(OR(E1588 >= 1000, D1588 <> "Garbage Time"), G1588, if(G1588 > 0, G1588*E1588/1000, G1588-1))), ),) | I1588: =if(G1588 = "", , -G1588) | J1588: =if(H1588 = "", , -H1588)
A1589: 202412 | B1589: 2013-14 | C1589: Manny Harris | D1589: Garbage Time | E1589: 180 | F1589: =DataPull!D1589 | G1589: =if(F1589<>"", (F1589-$M$1)/$O$1,) | H1589: =if(F1589<>"",IFERROR(IF(B1589 = "2025-26", if(OR(E1589 >= 200, OR(D1589 <> "Too Few Games"), D1589 = "Rotation"), G1589, if(G1589 > 0, G1589*E1589/1000, G1589-1)), if(OR(E1589 >= 1000, D1589 <> "Garbage Time"), G1589, if(G1589 > 0, G1589*E1589/1000, G1589-1))), ),) | I1589: =if(G1589 = "", , -G1589) | J1589: =if(H1589 = "", , -H1589)
A1590: 202412 | B1590: 2016-17 | C1590: Manny Harris | D1590: Too Few Games | E1590: 24.8 | F1590: =DataPull!D1590 | G1590: =if(F1590<>"", (F1590-$M$1)/$O$1,) | H1590: =if(F1590<>"",IFERROR(IF(B1590 = "2025-26", if(OR(E1590 >= 200, OR(D1590 <> "Too Few Games"), D1590 = "Rotation"), G1590, if(G1590 > 0, G1590*E1590/1000, G1590-1)), if(OR(E1590 >= 1000, D1590 <> "Garbage Time"), G1590, if(G1590 > 0, G1590*E1590/1000, G1590-1))), ),) | I1590: =if(G1590 = "", , -G1590) | J1590: =if(H1590 = "", , -H1590)
A1591: 202498 | B1591: 2013-14 | C1591: Lance Thomas | D1591: Too Few Games | E1591: 42 | F1591: =DataPull!D1591 | G1591: =if(F1591<>"", (F1591-$M$1)/$O$1,) | H1591: =if(F1591<>"",IFERROR(IF(B1591 = "2025-26", if(OR(E1591 >= 200, OR(D1591 <> "Too Few Games"), D1591 = "Rotation"), G1591, if(G1591 > 0, G1591*E1591/1000, G1591-1)), if(OR(E1591 >= 1000, D1591 <> "Garbage Time"), G1591, if(G1591 > 0, G1591*E1591/1000, G1591-1))), ),) | I1591: =if(G1591 = "", , -G1591) | J1591: =if(H1591 = "", , -H1591)
A1592: 202498 | B1592: 2014-15 | C1592: Lance Thomas | D1592: Key Rotation | E1592: 1488 | F1592: =DataPull!D1592 | G1592: =if(F1592<>"", (F1592-$M$1)/$O$1,) | H1592: =if(F1592<>"",IFERROR(IF(B1592 = "2025-26", if(OR(E1592 >= 200, OR(D1592 <> "Too Few Games"), D1592 = "Rotation"), G1592, if(G1592 > 0, G1592*E1592/1000, G1592-1)), if(OR(E1592 >= 1000, D1592 <> "Garbage Time"), G1592, if(G1592 > 0, G1592*E1592/1000, G1592-1))), ),) | I1592: =if(G1592 = "", , -G1592) | J1592: =if(H1592 = "", , -H1592)
A1593: 202498 | B1593: 2015-16 | C1593: Lance Thomas | D1593: Key Rotation | E1593: 1315.7 | F1593: =DataPull!D1593 | G1593: =if(F1593<>"", (F1593-$M$1)/$O$1,) | H1593: =if(F1593<>"",IFERROR(IF(B1593 = "2025-26", if(OR(E1593 >= 200, OR(D1593 <> "Too Few Games"), D1593 = "Rotation"), G1593, if(G1593 > 0, G1593*E1593/1000, G1593-1)), if(OR(E1593 >= 1000, D1593 <> "Garbage Time"), G1593, if(G1593 > 0, G1593*E1593/1000, G1593-1))), ),) | I1593: =if(G1593 = "", , -G1593) | J1593: =if(H1593 = "", , -H1593)
A1594: 202498 | B1594: 2016-17 | C1594: Lance Thomas | D1594: Key Rotation | E1594: 966 | F1594: =DataPull!D1594 | G1594: =if(F1594<>"", (F1594-$M$1)/$O$1,) | H1594: =if(F1594<>"",IFERROR(IF(B1594 = "2025-26", if(OR(E1594 >= 200, OR(D1594 <> "Too Few Games"), D1594 = "Rotation"), G1594, if(G1594 > 0, G1594*E1594/1000, G1594-1)), if(OR(E1594 >= 1000, D1594 <> "Garbage Time"), G1594, if(G1594 > 0, G1594*E1594/1000, G1594-1))), ),) | I1594: =if(G1594 = "", , -G1594) | J1594: =if(H1594 = "", , -H1594)
A1595: 202498 | B1595: 2017-18 | C1595: Lance Thomas | D1595: Rotation | E1595: 1350.5 | F1595: =DataPull!D1595 | G1595: =if(F1595<>"", (F1595-$M$1)/$O$1,) | H1595: =if(F1595<>"",IFERROR(IF(B1595 = "2025-26", if(OR(E1595 >= 200, OR(D1595 <> "Too Few Games"), D1595 = "Rotation"), G1595, if(G1595 > 0, G1595*E1595/1000, G1595-1)), if(OR(E1595 >= 1000, D1595 <> "Garbage Time"), G1595, if(G1595 > 0, G1595*E1595/1000, G1595-1))), ),) | I1595: =if(G1595 = "", , -G1595) | J1595: =if(H1595 = "", , -H1595)
A1596: 202498 | B1596: 2018-19 | C1596: Lance Thomas | D1596: Rotation | E1596: 782 | F1596: =DataPull!D1596 | G1596: =if(F1596<>"", (F1596-$M$1)/$O$1,) | H1596: =if(F1596<>"",IFERROR(IF(B1596 = "2025-26", if(OR(E1596 >= 200, OR(D1596 <> "Too Few Games"), D1596 = "Rotation"), G1596, if(G1596 > 0, G1596*E1596/1000, G1596-1)), if(OR(E1596 >= 1000, D1596 <> "Garbage Time"), G1596, if(G1596 > 0, G1596*E1596/1000, G1596-1))), ),) | I1596: =if(G1596 = "", , -G1596) | J1596: =if(H1596 = "", , -H1596)
A1597: 202498 | B1597: 2019-20 | C1597: Lance Thomas | D1597: Too Few Games | E1597: 98 | F1597: =DataPull!D1597 | G1597: =if(F1597<>"", (F1597-$M$1)/$O$1,) | H1597: =if(F1597<>"",IFERROR(IF(B1597 = "2025-26", if(OR(E1597 >= 200, OR(D1597 <> "Too Few Games"), D1597 = "Rotation"), G1597, if(G1597 > 0, G1597*E1597/1000, G1597-1)), if(OR(E1597 >= 1000, D1597 <> "Garbage Time"), G1597, if(G1597 > 0, G1597*E1597/1000, G1597-1))), ),) | I1597: =if(G1597 = "", , -G1597) | J1597: =if(H1597 = "", , -H1597)
... A1850: 202711 | B1850: 2023-24 | C1850: Bojan Bogdanovic | D1850: Rotation | E1850: 1476.3 | F1850: =DataPull!D1850 | G1850: =if(F1850<>"", (F1850-$M$1)/$O$1,) | H1850: =if(F1850<>"",IFERROR(IF(B1850 = "2025-26", if(OR(E1850 >= 200, OR(D1850 <> "Too Few Games"), D1850 = "Rotation"), G1850, if(G1850 > 0, G1850*E1850/1000, G1850-1)), if(OR(E1850 >= 1000, D1850 <> "Garbage Time"), G1850, if(G1850 > 0, G1850*E1850/1000, G1850-1))), ),) | I1850: =if(G1850 = "", , -G1850) | J1850: =if(H1850 = "", , -H1850)
A1851: 202711 | B1851: 2024-25 | C1851: Bojan Bogdanovic | F1851: =DataPull!D1851 | G1851: =if(F1851<>"", (F1851-$M$1)/$O$1,) | H1851: =if(F1851<>"",IFERROR(IF(B1851 = "2025-26", if(OR(E1851 >= 200, OR(D1851 <> "Too Few Games"), D1851 = "Rotation"), G1851, if(G1851 > 0, G1851*E1851/1000, G1851-1)), if(OR(E1851 >= 1000, D1851 <> "Garbage Time"), G1851, if(G1851 > 0, G1851*E1851/1000, G1851-1))), ),) | I1851: =if(G1851 = "", , -G1851) | J1851: =if(H1851 = "", , -H1851)
A1852: 202712 | B1852: 2015-16 | C1852: Justin Harper | D1852: Too Few Games | E1852: 35 | F1852: =DataPull!D1852 | G1852: =if(F1852<>"", (F1852-$M$1)/$O$1,) | H1852: =if(F1852<>"",IFERROR(IF(B1852 = "2025-26", if(OR(E1852 >= 200, OR(D1852 <> "Too Few Games"), D1852 = "Rotation"), G1852, if(G1852 > 0, G1852*E1852/1000, G1852-1)), if(OR(E1852 >= 1000, D1852 <> "Garbage Time"), G1852, if(G1852 > 0, G1852*E1852/1000, G1852-1))), ),) | I1852: =if(G1852 = "", , -G1852) | J1852: =if(H1852 = "", , -H1852)
A1853: 202712 | B1853: 2016-17 | C1853: Justin Harper | D1853: Too Few Games | E1853: 31.2 | F1853: =DataPull!D1853 | G1853: =if(F1853<>"", (F1853-$M$1)/$O$1,) | H1853: =if(F1853<>"",IFERROR(IF(B1853 = "2025-26", if(OR(E1853 >= 200, OR(D1853 <> "Too Few Games"), D1853 = "Rotation"), G1853, if(G1853 > 0, G1853*E1853/1000, G1853-1)), if(OR(E1853 >= 1000, D1853 <> "Garbage Time"), G1853, if(G1853 > 0, G1853*E1853/1000, G1853-1))), ),) | I1853: =if(G1853 = "", , -G1853) | J1853: =if(H1853 = "", , -H1853)
A1854: 202713 | B1854: 2013-14 | C1854: Kyle Singler | D1854: Starter | E1854: 2337 | F1854: =DataPull!D1854 | G1854: =if(F1854<>"", (F1854-$M$1)/$O$1,) | H1854: =if(F1854<>"",IFERROR(IF(B1854 = "2025-26", if(OR(E1854 >= 200, OR(D1854 <> "Too Few Games"), D1854 = "Rotation"), G1854, if(G1854 > 0, G1854*E1854/1000, G1854-1)), if(OR(E1854 >= 1000, D1854 <> "Garbage Time"), G1854, if(G1854 > 0, G1854*E1854/1000, G1854-1))), ),) | I1854: =if(G1854 = "", , -G1854) | J1854: =if(H1854 = "", , -H1854)
A1855: 202713 | B1855: 2014-15 | C1855: Kyle Singler | D1855: Key Rotation | E1855: 1744 | F1855: =DataPull!D1855 | G1855: =if(F1855<>"", (F1855-$M$1)/$O$1,) | H1855: =if(F1855<>"",IFERROR(IF(B1855 = "2025-26", if(OR(E1855 >= 200, OR(D1855 <> "Too Few Games"), D1855 = "Rotation"), G1855, if(G1855 > 0, G1855*E1855/1000, G1855-1)), if(OR(E1855 >= 1000, D1855 <> "Garbage Time"), G1855, if(G1855 > 0, G1855*E1855/1000, G1855-1))), ),) | I1855: =if(G1855 = "", , -G1855) | J1855: =if(H1855 = "", , -H1855)
A1856: 202713 | B1856: 2015-16 | C1856: Kyle Singler | D1856: Rotation | E1856: 979.2 | F1856: =DataPull!D1856 | G1856: =if(F1856<>"", (F1856-$M$1)/$O$1,) | H1856: =if(F1856<>"",IFERROR(IF(B1856 = "2025-26", if(OR(E1856 >= 200, OR(D1856 <> "Too Few Games"), D1856 = "Rotation"), G1856, if(G1856 > 0, G1856*E1856/1000, G1856-1)), if(OR(E1856 >= 1000, D1856 <> "Garbage Time"), G1856, if(G1856 > 0, G1856*E1856/1000, G1856-1))), ),) | I1856: =if(G1856 = "", , -G1856) | J1856: =if(H1856 = "", , -H1856)
A1857: 202713 | B1857: 2016-17 | C1857: Kyle Singler | D1857: Rotation | E1857: 384 | F1857: =DataPull!D1857 | G1857: =if(F1857<>"", (F1857-$M$1)/$O$1,) | H1857: =if(F1857<>"",IFERROR(IF(B1857 = "2025-26", if(OR(E1857 >= 200, OR(D1857 <> "Too Few Games"), D1857 = "Rotation"), G1857, if(G1857 > 0, G1857*E1857/1000, G1857-1)), if(OR(E1857 >= 1000, D1857 <> "Garbage Time"), G1857, if(G1857 > 0, G1857*E1857/1000, G1857-1))), ),) | I1857: =if(G1857 = "", , -G1857) | J1857: =if(H1857 = "", , -H1857)
A1858: 202713 | B1858: 2017-18 | C1858: Kyle Singler | D1858: Garbage Time | E1858: 58.8 | F1858: =DataPull!D1858 | G1858: =if(F1858<>"", (F1858-$M$1)/$O$1,) | H1858: =if(F1858<>"",IFERROR(IF(B1858 = "2025-26", if(OR(E1858 >= 200, OR(D1858 <> "Too Few Games"), D1858 = "Rotation"), G1858, if(G1858 > 0, G1858*E1858/1000, G1858-1)), if(OR(E1858 >= 1000, D1858 <> "Garbage Time"), G1858, if(G1858 > 0, G1858*E1858/1000, G1858-1))), ),) | I1858: =if(G1858 = "", , -G1858) | J1858: =if(H1858 = "", , -H1858)
A1859: 202714 | B1859: 2013-14 | C1859: Shelvin Mack | D1859: Key Rotation | E1859: 1489.2 | F1859: =DataPull!D1859 | G1859: =if(F1859<>"", (F1859-$M$1)/$O$1,) | H1859: =if(F1859<>"",IFERROR(IF(B1859 = "2025-26", if(OR(E1859 >= 200, OR(D1859 <> "Too Few Games"), D1859 = "Rotation"), G1859, if(G1859 > 0, G1859*E1859/1000, G1859-1)), if(OR(E1859 >= 1000, D1859 <> "Garbage Time"), G1859, if(G1859 > 0, G1859*E1859/1000, G1859-1))), ),) | I1859: =if(G1859 = "", , -G1859) | J1859: =if(H1859 = "", , -H1859)
A1860: 202714 | B1860: 2014-15 | C1860: Shelvin Mack | D1860: Rotation | E1860: 830.5 | F1860: =DataPull!D1860 | G1860: =if(F1860<>"", (F1860-$M$1)/$O$1,) | H1860: =if(F1860<>"",IFERROR(IF(B1860 = "2025-26", if(OR(E1860 >= 200, OR(D1860 <> "Too Few Games"), D1860 = "Rotation"), G1860, if(G1860 > 0, G1860*E1860/1000, G1860-1)), if(OR(E1860 >= 1000, D1860 <> "Garbage Time"), G1860, if(G1860 > 0, G1860*E1860/1000, G1860-1))), ),) | I1860: =if(G1860 = "", , -G1860) | J1860: =if(H1860 = "", , -H1860)
A1861: 202714 | B1861: 2015-16 | C1861: Shelvin Mack | D1861: Starter | E1861: 1055.6 | F1861: =DataPull!D1861 | G1861: =if(F1861<>"", (F1861-$M$1)/$O$1,) | H1861: =if(F1861<>"",IFERROR(IF(B1861 = "2025-26", if(OR(E1861 >= 200, OR(D1861 <> "Too Few Games"), D1861 = "Rotation"), G1861, if(G1861 > 0, G1861*E1861/1000, G1861-1)), if(OR(E1861 >= 1000, D1861 <> "Garbage Time"), G1861, if(G1861 > 0, G1861*E1861/1000, G1861-1))), ),) | I1861: =if(G1861 = "", , -G1861) | J1861: =if(H1861 = "", , -H1861)
A1862: 202714 | B1862: 2016-17 | C1862: Shelvin Mack | D1862: Key Rotation | E1862: 1204.5 | F1862: =DataPull!D1862 | G1862: =if(F1862<>"", (F1862-$M$1)/$O$1,) | H1862: =if(F1862<>"",IFERROR(IF(B1862 = "2025-26", if(OR(E1862 >= 200, OR(D1862 <> "Too Few Games"), D1862 = "Rotation"), G1862, if(G1862 > 0, G1862*E1862/1000, G1862-1)), if(OR(E1862 >= 1000, D1862 <> "Garbage Time"), G1862, if(G1862 > 0, G1862*E1862/1000, G1862-1))), ),) | I1862: =if(G1862 = "", , -G1862) | J1862: =if(H1862 = "", , -H1862)
A1863: 202714 | B1863: 2017-18 | C1863: Shelvin Mack | D1863: Key Rotation | E1863: 1366.2 | F1863: =DataPull!D1863 | G1863: =if(F1863<>"", (F1863-$M$1)/$O$1,) | H1863: =if(F1863<>"",IFERROR(IF(B1863 = "2025-26", if(OR(E1863 >= 200, OR(D1863 <> "Too Few Games"), D1863 = "Rotation"), G1863, if(G1863 > 0, G1863*E1863/1000, G1863-1)), if(OR(E1863 >= 1000, D1863 <> "Garbage Time"), G1863, if(G1863 > 0, G1863*E1863/1000, G1863-1))), ),) | I1863: =if(G1863 = "", , -G1863) | J1863: =if(H1863 = "", , -H1863)
... A1919: 202779 | B1919: 2017-18 | C1919: Dwight Buycks | D1919: Rotation | E1919: 426.3 | F1919: =DataPull!D1919 | G1919: =if(F1919<>"", (F1919-$M$1)/$O$1,) | H1919: =if(F1919<>"",IFERROR(IF(B1919 = "2025-26", if(OR(E1919 >= 200, OR(D1919 <> "Too Few Games"), D1919 = "Rotation"), G1919, if(G1919 > 0, G1919*E1919/1000, G1919-1)), if(OR(E1919 >= 1000, D1919 <> "Garbage Time"), G1919, if(G1919 > 0, G1919*E1919/1000, G1919-1))), ),) | I1919: =if(G1919 = "", , -G1919) | J1919: =if(H1919 = "", , -H1919)
A1920: 202874 | B1920: 2013-14 | C1920: Chris Wright | E1920: 125.6 | F1920: =DataPull!D1920 | G1920: =if(F1920<>"", (F1920-$M$1)/$O$1,) | H1920: =if(F1920<>"",IFERROR(IF(B1920 = "2025-26", if(OR(E1920 >= 200, OR(D1920 <> "Too Few Games"), D1920 = "Rotation"), G1920, if(G1920 > 0, G1920*E1920/1000, G1920-1)), if(OR(E1920 >= 1000, D1920 <> "Garbage Time"), G1920, if(G1920 > 0, G1920*E1920/1000, G1920-1))), ),) | I1920: =if(G1920 = "", , -G1920) | J1920: =if(H1920 = "", , -H1920)
A1921: 202918 | B1921: 2017-18 | C1921: Xavier Silas | D1921: Too Few Games | E1921: 7.4 | F1921: =DataPull!D1921 | G1921: =if(F1921<>"", (F1921-$M$1)/$O$1,) | H1921: =if(F1921<>"",IFERROR(IF(B1921 = "2025-26", if(OR(E1921 >= 200, OR(D1921 <> "Too Few Games"), D1921 = "Rotation"), G1921, if(G1921 > 0, G1921*E1921/1000, G1921-1)), if(OR(E1921 >= 1000, D1921 <> "Garbage Time"), G1921, if(G1921 > 0, G1921*E1921/1000, G1921-1))), ),) | I1921: =if(G1921 = "", , -G1921) | J1921: =if(H1921 = "", , -H1921)
A1922: 202933 | B1922: 2013-14 | C1922: Julyan Stone | D1922: Garbage Time | E1922: 119.7 | F1922: =DataPull!D1922 | G1922: =if(F1922<>"", (F1922-$M$1)/$O$1,) | H1922: =if(F1922<>"",IFERROR(IF(B1922 = "2025-26", if(OR(E1922 >= 200, OR(D1922 <> "Too Few Games"), D1922 = "Rotation"), G1922, if(G1922 > 0, G1922*E1922/1000, G1922-1)), if(OR(E1922 >= 1000, D1922 <> "Garbage Time"), G1922, if(G1922 > 0, G1922*E1922/1000, G1922-1))), ),) | I1922: =if(G1922 = "", , -G1922) | J1922: =if(H1922 = "", , -H1922)
A1923: 202933 | B1923: 2017-18 | C1923: Julyan Stone | D1923: Garbage Time | E1923: 174.8 | F1923: =DataPull!D1923 | G1923: =if(F1923<>"", (F1923-$M$1)/$O$1,) | H1923: =if(F1923<>"",IFERROR(IF(B1923 = "2025-26", if(OR(E1923 >= 200, OR(D1923 <> "Too Few Games"), D1923 = "Rotation"), G1923, if(G1923 > 0, G1923*E1923/1000, G1923-1)), if(OR(E1923 >= 1000, D1923 <> "Garbage Time"), G1923, if(G1923 > 0, G1923*E1923/1000, G1923-1))), ),) | I1923: =if(G1923 = "", , -G1923) | J1923: =if(H1923 = "", , -H1923)
A1924: 202951 | B1924: 2019-20 | C1924: Jeremy Pargo | D1924: Too Few Games | E1924: 44.4 | F1924: =DataPull!D1924 | G1924: =if(F1924<>"", (F1924-$M$1)/$O$1,) | H1924: =if(F1924<>"",IFERROR(IF(B1924 = "2025-26", if(OR(E1924 >= 200, OR(D1924 <> "Too Few Games"), D1924 = "Rotation"), G1924, if(G1924 > 0, G1924*E1924/1000, G1924-1)), if(OR(E1924 >= 1000, D1924 <> "Garbage Time"), G1924, if(G1924 > 0, G1924*E1924/1000, G1924-1))), ),) | I1924: =if(G1924 = "", , -G1924) | J1924: =if(H1924 = "", , -H1924)
A1925: 202952 | B1925: 2013-14 | C1925: Malcolm Thomas | D1925: Too Few Games | E1925: 62.4 | F1925: =DataPull!D1925 | G1925: =if(F1925<>"", (F1925-$M$1)/$O$1,) | H1925: =if(F1925<>"",IFERROR(IF(B1925 = "2025-26", if(OR(E1925 >= 200, OR(D1925 <> "Too Few Games"), D1925 = "Rotation"), G1925, if(G1925 > 0, G1925*E1925/1000, G1925-1)), if(OR(E1925 >= 1000, D1925 <> "Garbage Time"), G1925, if(G1925 > 0, G1925*E1925/1000, G1925-1))), ),) | I1925: =if(G1925 = "", , -G1925) | J1925: =if(H1925 = "", , -H1925)
A1926: 202952 | B1926: 2014-15 | C1926: Malcolm Thomas | D1926: Garbage Time | E1926: 193.8 | F1926: =DataPull!D1926 | G1926: =if(F1926<>"", (F1926-$M$1)/$O$1,) | H1926: =if(F1926<>"",IFERROR(IF(B1926 = "2025-26", if(OR(E1926 >= 200, OR(D1926 <> "Too Few Games"), D1926 = "Rotation"), G1926, if(G1926 > 0, G1926*E1926/1000, G1926-1)), if(OR(E1926 >= 1000, D1926 <> "Garbage Time"), G1926, if(G1926 > 0, G1926*E1926/1000, G1926-1))), ),) | I1926: =if(G1926 = "", , -G1926) | J1926: =if(H1926 = "", , -H1926)
A1927: 202954 | B1927: 2018-19 | C1927: Brad Wanamaker | D1927: Garbage Time | E1927: 342 | F1927: =DataPull!D1927 | G1927: =if(F1927<>"", (F1927-$M$1)/$O$1,) | H1927: =if(F1927<>"",IFERROR(IF(B1927 = "2025-26", if(OR(E1927 >= 200, OR(D1927 <> "Too Few Games"), D1927 = "Rotation"), G1927, if(G1927 > 0, G1927*E1927/1000, G1927-1)), if(OR(E1927 >= 1000, D1927 <> "Garbage Time"), G1927, if(G1927 > 0, G1927*E1927/1000, G1927-1))), ),) | I1927: =if(G1927 = "", , -G1927) | J1927: =if(H1927 = "", , -H1927)
A1928: 202954 | B1928: 2019-20 | C1928: Brad Wanamaker | D1928: Key Rotation | E1928: 1370.3 | F1928: =DataPull!D1928 | G1928: =if(F1928<>"", (F1928-$M$1)/$O$1,) | H1928: =if(F1928<>"",IFERROR(IF(B1928 = "2025-26", if(OR(E1928 >= 200, OR(D1928 <> "Too Few Games"), D1928 = "Rotation"), G1928, if(G1928 > 0, G1928*E1928/1000, G1928-1)), if(OR(E1928 >= 1000, D1928 <> "Garbage Time"), G1928, if(G1928 > 0, G1928*E1928/1000, G1928-1))), ),) | I1928: =if(G1928 = "", , -G1928) | J1928: =if(H1928 = "", , -H1928)
A1929: 202954 | B1929: 2020-21 | C1929: Brad Wanamaker | D1929: Rotation | E1929: 1055.3 | F1929: =DataPull!D1929 | G1929: =if(F1929<>"", (F1929-$M$1)/$O$1,) | H1929: =if(F1929<>"",IFERROR(IF(B1929 = "2025-26", if(OR(E1929 >= 200, OR(D1929 <> "Too Few Games"), D1929 = "Rotation"), G1929, if(G1929 > 0, G1929*E1929/1000, G1929-1)), if(OR(E1929 >= 1000, D1929 <> "Garbage Time"), G1929, if(G1929 > 0, G1929*E1929/1000, G1929-1))), ),) | I1929: =if(G1929 = "", , -G1929) | J1929: =if(H1929 = "", , -H1929)
A1930: 202954 | B1930: 2021-22 | C1930: Brad Wanamaker | D1930: Garbage Time | E1930: 319.7 | F1930: =DataPull!D1930 | G1930: =if(F1930<>"", (F1930-$M$1)/$O$1,) | H1930: =if(F1930<>"",IFERROR(IF(B1930 = "2025-26", if(OR(E1930 >= 200, OR(D1930 <> "Too Few Games"), D1930 = "Rotation"), G1930, if(G1930 > 0, G1930*E1930/1000, G1930-1)), if(OR(E1930 >= 1000, D1930 <> "Garbage Time"), G1930, if(G1930 > 0, G1930*E1930/1000, G1930-1))), ),) | I1930: =if(G1930 = "", , -G1930) | J1930: =if(H1930 = "", , -H1930)
A1931: 202962 | B1931: 2013-14 | C1931: Greg Smith | D1931: Garbage Time | E1931: 100.1 | F1931: =DataPull!D1931 | G1931: =if(F1931<>"", (F1931-$M$1)/$O$1,) | H1931: =if(F1931<>"",IFERROR(IF(B1931 = "2025-26", if(OR(E1931 >= 200, OR(D1931 <> "Too Few Games"), D1931 = "Rotation"), G1931, if(G1931 > 0, G1931*E1931/1000, G1931-1)), if(OR(E1931 >= 1000, D1931 <> "Garbage Time"), G1931, if(G1931 > 0, G1931*E1931/1000, G1931-1))), ),) | I1931: =if(G1931 = "", , -G1931) | J1931: =if(H1931 = "", , -H1931)
A1932: 202962 | B1932: 2014-15 | C1932: Greg Smith | D1932: Garbage Time | E1932: 361.2 | F1932: =DataPull!D1932 | G1932: =if(F1932<>"", (F1932-$M$1)/$O$1,) | H1932: =if(F1932<>"",IFERROR(IF(B1932 = "2025-26", if(OR(E1932 >= 200, OR(D1932 <> "Too Few Games"), D1932 = "Rotation"), G1932, if(G1932 > 0, G1932*E1932/1000, G1932-1)), if(OR(E1932 >= 1000, D1932 <> "Garbage Time"), G1932, if(G1932 > 0, G1932*E1932/1000, G1932-1))), ),) | I1932: =if(G1932 = "", , -G1932) | J1932: =if(H1932 = "", , -H1932)
... A2081: 203092 | B2081: 2019-20 | C2081: Tyler Zeller | D2081: Too Few Games | E2081: 3.8 | F2081: =DataPull!D2081 | G2081: =if(F2081<>"", (F2081-$M$1)/$O$1,) | H2081: =if(F2081<>"",IFERROR(IF(B2081 = "2025-26", if(OR(E2081 >= 200, OR(D2081 <> "Too Few Games"), D2081 = "Rotation"), G2081, if(G2081 > 0, G2081*E2081/1000, G2081-1)), if(OR(E2081 >= 1000, D2081 <> "Garbage Time"), G2081, if(G2081 > 0, G2081*E2081/1000, G2081-1))), ),) | I2081: =if(G2081 = "", , -G2081) | J2081: =if(H2081 = "", , -H2081)
A2082: 203093 | B2082: 2013-14 | C2082: Terrence Jones | E2082: 2074.8 | F2082: =DataPull!D2082 | G2082: =if(F2082<>"", (F2082-$M$1)/$O$1,) | H2082: =if(F2082<>"",IFERROR(IF(B2082 = "2025-26", if(OR(E2082 >= 200, OR(D2082 <> "Too Few Games"), D2082 = "Rotation"), G2082, if(G2082 > 0, G2082*E2082/1000, G2082-1)), if(OR(E2082 >= 1000, D2082 <> "Garbage Time"), G2082, if(G2082 > 0, G2082*E2082/1000, G2082-1))), ),) | I2082: =if(G2082 = "", , -G2082) | J2082: =if(H2082 = "", , -H2082)
A2083: 203093 | B2083: 2014-15 | C2083: Terrence Jones | E2083: 891 | F2083: =DataPull!D2083 | G2083: =if(F2083<>"", (F2083-$M$1)/$O$1,) | H2083: =if(F2083<>"",IFERROR(IF(B2083 = "2025-26", if(OR(E2083 >= 200, OR(D2083 <> "Too Few Games"), D2083 = "Rotation"), G2083, if(G2083 > 0, G2083*E2083/1000, G2083-1)), if(OR(E2083 >= 1000, D2083 <> "Garbage Time"), G2083, if(G2083 > 0, G2083*E2083/1000, G2083-1))), ),) | I2083: =if(G2083 = "", , -G2083) | J2083: =if(H2083 = "", , -H2083)
A2084: 203093 | B2084: 2015-16 | C2084: Terrence Jones | E2084: 1045 | F2084: =DataPull!D2084 | G2084: =if(F2084<>"", (F2084-$M$1)/$O$1,) | H2084: =if(F2084<>"",IFERROR(IF(B2084 = "2025-26", if(OR(E2084 >= 200, OR(D2084 <> "Too Few Games"), D2084 = "Rotation"), G2084, if(G2084 > 0, G2084*E2084/1000, G2084-1)), if(OR(E2084 >= 1000, D2084 <> "Garbage Time"), G2084, if(G2084 > 0, G2084*E2084/1000, G2084-1))), ),) | I2084: =if(G2084 = "", , -G2084) | J2084: =if(H2084 = "", , -H2084)
A2085: 203093 | B2085: 2016-17 | C2085: Terrence Jones | E2085: 1269 | F2085: =DataPull!D2085 | G2085: =if(F2085<>"", (F2085-$M$1)/$O$1,) | H2085: =if(F2085<>"",IFERROR(IF(B2085 = "2025-26", if(OR(E2085 >= 200, OR(D2085 <> "Too Few Games"), D2085 = "Rotation"), G2085, if(G2085 > 0, G2085*E2085/1000, G2085-1)), if(OR(E2085 >= 1000, D2085 <> "Garbage Time"), G2085, if(G2085 > 0, G2085*E2085/1000, G2085-1))), ),) | I2085: =if(G2085 = "", , -G2085) | J2085: =if(H2085 = "", , -H2085)
A2086: 203093 | B2086: 2018-19 | C2086: Terrence Jones | E2086: 5.2 | F2086: =DataPull!D2086 | G2086: =if(F2086<>"", (F2086-$M$1)/$O$1,) | H2086: =if(F2086<>"",IFERROR(IF(B2086 = "2025-26", if(OR(E2086 >= 200, OR(D2086 <> "Too Few Games"), D2086 = "Rotation"), G2086, if(G2086 > 0, G2086*E2086/1000, G2086-1)), if(OR(E2086 >= 1000, D2086 <> "Garbage Time"), G2086, if(G2086 > 0, G2086*E2086/1000, G2086-1))), ),) | I2086: =if(G2086 = "", , -G2086) | J2086: =if(H2086 = "", , -H2086)
A2087: 203094 | B2087: 2013-14 | C2087: Andrew Nicholson | D2087: Rotation | E2087: 1170.4 | F2087: =DataPull!D2087 | G2087: =if(F2087<>"", (F2087-$M$1)/$O$1,) | H2087: =if(F2087<>"",IFERROR(IF(B2087 = "2025-26", if(OR(E2087 >= 200, OR(D2087 <> "Too Few Games"), D2087 = "Rotation"), G2087, if(G2087 > 0, G2087*E2087/1000, G2087-1)), if(OR(E2087 >= 1000, D2087 <> "Garbage Time"), G2087, if(G2087 > 0, G2087*E2087/1000, G2087-1))), ),) | I2087: =if(G2087 = "", , -G2087) | J2087: =if(H2087 = "", , -H2087)
A2088: 203094 | B2088: 2014-15 | C2088: Andrew Nicholson | D2088: Rotation | E2088: 492 | F2088: =DataPull!D2088 | G2088: =if(F2088<>"", (F2088-$M$1)/$O$1,) | H2088: =if(F2088<>"",IFERROR(IF(B2088 = "2025-26", if(OR(E2088 >= 200, OR(D2088 <> "Too Few Games"), D2088 = "Rotation"), G2088, if(G2088 > 0, G2088*E2088/1000, G2088-1)), if(OR(E2088 >= 1000, D2088 <> "Garbage Time"), G2088, if(G2088 > 0, G2088*E2088/1000, G2088-1))), ),) | I2088: =if(G2088 = "", , -G2088) | J2088: =if(H2088 = "", , -H2088)
A2089: 203094 | B2089: 2015-16 | C2089: Andrew Nicholson | D2089: Rotation | E2089: 823.2 | F2089: =DataPull!D2089 | G2089: =if(F2089<>"", (F2089-$M$1)/$O$1,) | H2089: =if(F2089<>"",IFERROR(IF(B2089 = "2025-26", if(OR(E2089 >= 200, OR(D2089 <> "Too Few Games"), D2089 = "Rotation"), G2089, if(G2089 > 0, G2089*E2089/1000, G2089-1)), if(OR(E2089 >= 1000, D2089 <> "Garbage Time"), G2089, if(G2089 > 0, G2089*E2089/1000, G2089-1))), ),) | I2089: =if(G2089 = "", , -G2089) | J2089: =if(H2089 = "", , -H2089)
A2090: 203094 | B2090: 2016-17 | C2090: Andrew Nicholson | D2090: Garbage Time | E2090: 342 | F2090: =DataPull!D2090 | G2090: =if(F2090<>"", (F2090-$M$1)/$O$1,) | H2090: =if(F2090<>"",IFERROR(IF(B2090 = "2025-26", if(OR(E2090 >= 200, OR(D2090 <> "Too Few Games"), D2090 = "Rotation"), G2090, if(G2090 > 0, G2090*E2090/1000, G2090-1)), if(OR(E2090 >= 1000, D2090 <> "Garbage Time"), G2090, if(G2090 > 0, G2090*E2090/1000, G2090-1))), ),) | I2090: =if(G2090 = "", , -G2090) | J2090: =if(H2090 = "", , -H2090)
A2091: 203095 | B2091: 2013-14 | C2091: Evan Fournier | D2091: Rotation | E2091: 1504.8 | F2091: =DataPull!D2091 | G2091: =if(F2091<>"", (F2091-$M$1)/$O$1,) | H2091: =if(F2091<>"",IFERROR(IF(B2091 = "2025-26", if(OR(E2091 >= 200, OR(D2091 <> "Too Few Games"), D2091 = "Rotation"), G2091, if(G2091 > 0, G2091*E2091/1000, G2091-1)), if(OR(E2091 >= 1000, D2091 <> "Garbage Time"), G2091, if(G2091 > 0, G2091*E2091/1000, G2091-1))), ),) | I2091: =if(G2091 = "", , -G2091) | J2091: =if(H2091 = "", , -H2091)
A2092: 203095 | B2092: 2014-15 | C2092: Evan Fournier | D2092: Starter | E2092: 1658.8 | F2092: =DataPull!D2092 | G2092: =if(F2092<>"", (F2092-$M$1)/$O$1,) | H2092: =if(F2092<>"",IFERROR(IF(B2092 = "2025-26", if(OR(E2092 >= 200, OR(D2092 <> "Too Few Games"), D2092 = "Rotation"), G2092, if(G2092 > 0, G2092*E2092/1000, G2092-1)), if(OR(E2092 >= 1000, D2092 <> "Garbage Time"), G2092, if(G2092 > 0, G2092*E2092/1000, G2092-1))), ),) | I2092: =if(G2092 = "", , -G2092) | J2092: =if(H2092 = "", , -H2092)
A2093: 203095 | B2093: 2015-16 | C2093: Evan Fournier | D2093: Starter | E2093: 2567.5 | F2093: =DataPull!D2093 | G2093: =if(F2093<>"", (F2093-$M$1)/$O$1,) | H2093: =if(F2093<>"",IFERROR(IF(B2093 = "2025-26", if(OR(E2093 >= 200, OR(D2093 <> "Too Few Games"), D2093 = "Rotation"), G2093, if(G2093 > 0, G2093*E2093/1000, G2093-1)), if(OR(E2093 >= 1000, D2093 <> "Garbage Time"), G2093, if(G2093 > 0, G2093*E2093/1000, G2093-1))), ),) | I2093: =if(G2093 = "", , -G2093) | J2093: =if(H2093 = "", , -H2093)
A2094: 203095 | B2094: 2016-17 | C2094: Evan Fournier | D2094: Starter | E2094: 2230.4 | F2094: =DataPull!D2094 | G2094: =if(F2094<>"", (F2094-$M$1)/$O$1,) | H2094: =if(F2094<>"",IFERROR(IF(B2094 = "2025-26", if(OR(E2094 >= 200, OR(D2094 <> "Too Few Games"), D2094 = "Rotation"), G2094, if(G2094 > 0, G2094*E2094/1000, G2094-1)), if(OR(E2094 >= 1000, D2094 <> "Garbage Time"), G2094, if(G2094 > 0, G2094*E2094/1000, G2094-1))), ),) | I2094: =if(G2094 = "", , -G2094) | J2094: =if(H2094 = "", , -H2094)
A2095: 203095 | B2095: 2017-18 | C2095: Evan Fournier | D2095: Starter | E2095: 1835.4 | F2095: =DataPull!D2095 | G2095: =if(F2095<>"", (F2095-$M$1)/$O$1,) | H2095: =if(F2095<>"",IFERROR(IF(B2095 = "2025-26", if(OR(E2095 >= 200, OR(D2095 <> "Too Few Games"), D2095 = "Rotation"), G2095, if(G2095 > 0, G2095*E2095/1000, G2095-1)), if(OR(E2095 >= 1000, D2095 <> "Garbage Time"), G2095, if(G2095 > 0, G2095*E2095/1000, G2095-1))), ),) | I2095: =if(G2095 = "", , -G2095) | J2095: =if(H2095 = "", , -H2095)
...

Sheet DataPull
B1: Season | C1: Player | D1: =I2 | E1: =D1 | F1: =IFERROR(VLOOKUP(CONCAT(E1,#REF!), I$3:L$6923, 4, False), if(int(right(E1, 2)) < 16, ,0))
A2: 708 | B2: 2013-14 | C2: Kevin Garnett | D2: =IFERROR(VLOOKUP(CONCAT($B2,$C2), $F$3:$I$6999, 4, False), if(int(right($B2, 2)) < 25, ,)) | E2: =IFERROR(VLOOKUP(C2, H$3:J$7017, 2, False), ) | J2: GP
A3: 708 | B3: 2014-15 | C3: Kevin Garnett | D3: =IFERROR(VLOOKUP(CONCAT($B3,$C3), $F$3:$I$6999, 4, False), if(int(right($B3, 2)) < 25, ,)) | E3: =IFERROR(VLOOKUP(C3, H$3:J$7017, 2, False), ) | F3: =SUBSTITUTE(SUBSTITUTE(SUBSTITUTE(SUBSTITUTE(SUBSTITUTE(SUBSTITUTE(SUBSTITUTE(SUBSTITUTE(SUBSTITUTE(SUBSTITUTE(SUBSTITUTE(SUBSTITUTE(SUBSTITUTE(SUBSTITUTE(SUBSTITUTE(SUBSTITUTE(SUBSTITUTE(SUBSTITUTE(SUBSTITUTE(SUBSTITUTE(SUBSTITUTE(SUBSTITUTE(SUBSTITUTE(SUBSTITUTE(SUBSTITUTE(SUBSTITUTE(SUBSTITUTE(SUBSTITUTE(SUBSTITUTE(SUBSTITUTE(CONCAT(G3,H3), "ä", "a"), "ā", "a"), "ë", "e"), "ö", "o"), "ū", "u"), "Š", "S"), "ģ", "g"), "ć", "c"), "č", "c"), "ž", "z"), "đ", "d"), "š", "s"), "á", "a"), "é", "e"), "í", "i"), "ñ", "n"),"ņ", "n"), "'", ""), ".", ""), "Jakob Poltl", "Jakob Poeltl"), "Kenyon Martin Jr", "Kenyon Martin"), "Reggie Bullock Jr", "Reggie Bullock"), "Xavier Tillman Sr", "Xavier Tillman"), "KJ Martin", "Kenyon Martin"), "Č", "C"), " III",), "ü", "u"), "ô", "o"), "Brandon Boston Jr", "Brandon Boston"), "Carlton Carrington", "Bub Carrington") | J3: 54 | K3: =I3+J3 -> 54 | L3: =I3-J3 -> -54 | N3: =I3*J3 -> 0
A4: 708 | B4: 2015-16 | C4: Kevin Garnett | D4: =IFERROR(VLOOKUP(CONCAT($B4,$C4), $F$3:$I$6999, 4, False), if(int(right($B4, 2)) < 25, ,)) | E4: =IFERROR(VLOOKUP(C4, H$3:J$7017, 2, False), ) | F4: =SUBSTITUTE(SUBSTITUTE(SUBSTITUTE(SUBSTITUTE(SUBSTITUTE(SUBSTITUTE(SUBSTITUTE(SUBSTITUTE(SUBSTITUTE(SUBSTITUTE(SUBSTITUTE(SUBSTITUTE(SUBSTITUTE(SUBSTITUTE(SUBSTITUTE(SUBSTITUTE(SUBSTITUTE(SUBSTITUTE(SUBSTITUTE(SUBSTITUTE(SUBSTITUTE(SUBSTITUTE(SUBSTITUTE(SUBSTITUTE(SUBSTITUTE(SUBSTITUTE(SUBSTITUTE(SUBSTITUTE(SUBSTITUTE(SUBSTITUTE(CONCAT(G4,H4), "ä", "a"), "ā", "a"), "ë", "e"), "ö", "o"), "ū", "u"), "Š", "S"), "ģ", "g"), "ć", "c"), "č", "c"), "ž", "z"), "đ", "d"), "š", "s"), "á", "a"), "é", "e"), "í", "i"), "ñ", "n"),"ņ", "n"), "'", ""), ".", ""), "Jakob Poltl", "Jakob Poeltl"), "Kenyon Martin Jr", "Kenyon Martin"), "Reggie Bullock Jr", "Reggie Bullock"), "Xavier Tillman Sr", "Xavier Tillman"), "KJ Martin", "Kenyon Martin"), "Č", "C"), " III",), "ü", "u"), "ô", "o"), "Brandon Boston Jr", "Brandon Boston"), "Carlton Carrington", "Bub Carrington") | J4: 47
A5: 951 | B5: 2013-14 | C5: Ray Allen | D5: =IFERROR(VLOOKUP(CONCAT($B5,$C5), $F$3:$I$6999, 4, False), if(int(right($B5, 2)) < 25, ,)) | E5: =IFERROR(VLOOKUP(C5, H$3:J$7017, 2, False), ) | F5: =SUBSTITUTE(SUBSTITUTE(SUBSTITUTE(SUBSTITUTE(SUBSTITUTE(SUBSTITUTE(SUBSTITUTE(SUBSTITUTE(SUBSTITUTE(SUBSTITUTE(SUBSTITUTE(SUBSTITUTE(SUBSTITUTE(SUBSTITUTE(SUBSTITUTE(SUBSTITUTE(SUBSTITUTE(SUBSTITUTE(SUBSTITUTE(SUBSTITUTE(SUBSTITUTE(SUBSTITUTE(SUBSTITUTE(SUBSTITUTE(SUBSTITUTE(SUBSTITUTE(SUBSTITUTE(SUBSTITUTE(SUBSTITUTE(SUBSTITUTE(CONCAT(G5,H5), "ä", "a"), "ā", "a"), "ë", "e"), "ö", "o"), "ū", "u"), "Š", "S"), "ģ", "g"), "ć", "c"), "č", "c"), "ž", "z"), "đ", "d"), "š", "s"), "á", "a"), "é", "e"), "í", "i"), "ñ", "n"),"ņ", "n"), "'", ""), ".", ""), "Jakob Poltl", "Jakob Poeltl"), "Kenyon Martin Jr", "Kenyon Martin"), "Reggie Bullock Jr", "Reggie Bullock"), "Xavier Tillman Sr", "Xavier Tillman"), "KJ Martin", "Kenyon Martin"), "Č", "C"), " III",), "ü", "u"), "ô", "o"), "Brandon Boston Jr", "Brandon Boston"), "Carlton Carrington", "Bub Carrington") | J5: 38
A6: 959 | B6: 2013-14 | C6: Steve Nash | D6: =IFERROR(VLOOKUP(CONCAT($B6,$C6), $F$3:$I$6999, 4, False), if(int(right($B6, 2)) < 25, ,)) | E6: =IFERROR(VLOOKUP(C6, H$3:J$7017, 2, False), ) | F6: =SUBSTITUTE(SUBSTITUTE(SUBSTITUTE(SUBSTITUTE(SUBSTITUTE(SUBSTITUTE(SUBSTITUTE(SUBSTITUTE(SUBSTITUTE(SUBSTITUTE(SUBSTITUTE(SUBSTITUTE(SUBSTITUTE(SUBSTITUTE(SUBSTITUTE(SUBSTITUTE(SUBSTITUTE(SUBSTITUTE(SUBSTITUTE(SUBSTITUTE(SUBSTITUTE(SUBSTITUTE(SUBSTITUTE(SUBSTITUTE(SUBSTITUTE(SUBSTITUTE(SUBSTITUTE(SUBSTITUTE(SUBSTITUTE(SUBSTITUTE(CONCAT(G6,H6), "ä", "a"), "ā", "a"), "ë", "e"), "ö", "o"), "ū", "u"), "Š", "S"), "ģ", "g"), "ć", "c"), "č", "c"), "ž", "z"), "đ", "d"), "š", "s"), "á", "a"), "é", "e"), "í", "i"), "ñ", "n"),"ņ", "n"), "'", ""), ".", ""), "Jakob Poltl", "Jakob Poeltl"), "Kenyon Martin Jr", "Kenyon Martin"), "Reggie Bullock Jr", "Reggie Bullock"), "Xavier Tillman Sr", "Xavier Tillman"), "KJ Martin", "Kenyon Martin"), "Č", "C"), " III",), "ü", "u"), "ô", "o"), "Brandon Boston Jr", "Brandon Boston"), "Carlton Carrington", "Bub Carrington") | J6: 73
A7: 965 | B7: 2013-14 | C7: Derek Fisher | D7: =IFERROR(VLOOKUP(CONCAT($B7,$C7), $F$3:$I$6999, 4, False), if(int(right($B7, 2)) < 25, ,)) | E7: =IFERROR(VLOOKUP(C7, H$3:J$7017, 2, False), ) | F7: =SUBSTITUTE(SUBSTITUTE(SUBSTITUTE(SUBSTITUTE(SUBSTITUTE(SUBSTITUTE(SUBSTITUTE(SUBSTITUTE(SUBSTITUTE(SUBSTITUTE(SUBSTITUTE(SUBSTITUTE(SUBSTITUTE(SUBSTITUTE(SUBSTITUTE(SUBSTITUTE(SUBSTITUTE(SUBSTITUTE(SUBSTITUTE(SUBSTITUTE(SUBSTITUTE(SUBSTITUTE(SUBSTITUTE(SUBSTITUTE(SUBSTITUTE(SUBSTITUTE(SUBSTITUTE(SUBSTITUTE(SUBSTITUTE(SUBSTITUTE(CONCAT(G7,H7), "ä", "a"), "ā", "a"), "ë", "e"), "ö", "o"), "ū", "u"), "Š", "S"), "ģ", "g"), "ć", "c"), "č", "c"), "ž", "z"), "đ", "d"), "š", "s"), "á", "a"), "é", "e"), "í", "i"), "ñ", "n"),"ņ", "n"), "'", ""), ".", ""), "Jakob Poltl", "Jakob Poeltl"), "Kenyon Martin Jr", "Kenyon Martin"), "Reggie Bullock Jr", "Reggie Bullock"), "Xavier Tillman Sr", "Xavier Tillman"), "KJ Martin", "Kenyon Martin"), "Č", "C"), " III",), "ü", "u"), "ô", "o"), "Brandon Boston Jr", "Brandon Boston"), "Carlton Carrington", "Bub Carrington") | J7: 15
A8: 977 | B8: 2013-14 | C8: Kobe Bryant | D8: =IFERROR(VLOOKUP(CONCAT($B8,$C8), $F$3:$I$6999, 4, False), if(int(right($B8, 2)) < 25, ,)) | E8: =IFERROR(VLOOKUP(C8, H$3:J$7017, 2, False), ) | F8: =SUBSTITUTE(SUBSTITUTE(SUBSTITUTE(SUBSTITUTE(SUBSTITUTE(SUBSTITUTE(SUBSTITUTE(SUBSTITUTE(SUBSTITUTE(SUBSTITUTE(SUBSTITUTE(SUBSTITUTE(SUBSTITUTE(SUBSTITUTE(SUBSTITUTE(SUBSTITUTE(SUBSTITUTE(SUBSTITUTE(SUBSTITUTE(SUBSTITUTE(SUBSTITUTE(SUBSTITUTE(SUBSTITUTE(SUBSTITUTE(SUBSTITUTE(SUBSTITUTE(SUBSTITUTE(SUBSTITUTE(SUBSTITUTE(SUBSTITUTE(CONCAT(G8,H8), "ä", "a"), "ā", "a"), "ë", "e"), "ö", "o"), "ū", "u"), "Š", "S"), "ģ", "g"), "ć", "c"), "č", "c"), "ž", "z"), "đ", "d"), "š", "s"), "á", "a"), "é", "e"), "í", "i"), "ñ", "n"),"ņ", "n"), "'", ""), ".", ""), "Jakob Poltl", "Jakob Poeltl"), "Kenyon Martin Jr", "Kenyon Martin"), "Reggie Bullock Jr", "Reggie Bullock"), "Xavier Tillman Sr", "Xavier Tillman"), "KJ Martin", "Kenyon Martin"), "Č", "C"), " III",), "ü", "u"), "ô", "o"), "Brandon Boston Jr", "Brandon Boston"), "Carlton Carrington", "Bub Carrington")
A9: 977 | B9: 2014-15 | C9: Kobe Bryant | D9: =IFERROR(VLOOKUP(CONCAT($B9,$C9), $F$3:$I$6999, 4, False), if(int(right($B9, 2)) < 25, ,)) | E9: =IFERROR(VLOOKUP(C9, H$3:J$7017, 2, False), ) | F9: =SUBSTITUTE(SUBSTITUTE(SUBSTITUTE(SUBSTITUTE(SUBSTITUTE(SUBSTITUTE(SUBSTITUTE(SUBSTITUTE(SUBSTITUTE(SUBSTITUTE(SUBSTITUTE(SUBSTITUTE(SUBSTITUTE(SUBSTITUTE(SUBSTITUTE(SUBSTITUTE(SUBSTITUTE(SUBSTITUTE(SUBSTITUTE(SUBSTITUTE(SUBSTITUTE(SUBSTITUTE(SUBSTITUTE(SUBSTITUTE(SUBSTITUTE(SUBSTITUTE(SUBSTITUTE(SUBSTITUTE(SUBSTITUTE(SUBSTITUTE(CONCAT(G9,H9), "ä", "a"), "ā", "a"), "ë", "e"), "ö", "o"), "ū", "u"), "Š", "S"), "ģ", "g"), "ć", "c"), "č", "c"), "ž", "z"), "đ", "d"), "š", "s"), "á", "a"), "é", "e"), "í", "i"), "ñ", "n"),"ņ", "n"), "'", ""), ".", ""), "Jakob Poltl", "Jakob Poeltl"), "Kenyon Martin Jr", "Kenyon Martin"), "Reggie Bullock Jr", "Reggie Bullock"), "Xavier Tillman Sr", "Xavier Tillman"), "KJ Martin", "Kenyon Martin"), "Č", "C"), " III",), "ü", "u"), "ô", "o"), "Brandon Boston Jr", "Brandon Boston"), "Carlton Carrington", "Bub Carrington")
A10: 977 | B10: 2015-16 | C10: Kobe Bryant | D10: =IFERROR(VLOOKUP(CONCAT($B10,$C10), $F$3:$I$6999, 4, False), if(int(right($B10, 2)) < 25, ,)) | E10: =IFERROR(VLOOKUP(C10, H$3:J$7017, 2, False), ) | F10: =SUBSTITUTE(SUBSTITUTE(SUBSTITUTE(SUBSTITUTE(SUBSTITUTE(SUBSTITUTE(SUBSTITUTE(SUBSTITUTE(SUBSTITUTE(SUBSTITUTE(SUBSTITUTE(SUBSTITUTE(SUBSTITUTE(SUBSTITUTE(SUBSTITUTE(SUBSTITUTE(SUBSTITUTE(SUBSTITUTE(SUBSTITUTE(SUBSTITUTE(SUBSTITUTE(SUBSTITUTE(SUBSTITUTE(SUBSTITUTE(SUBSTITUTE(SUBSTITUTE(SUBSTITUTE(SUBSTITUTE(SUBSTITUTE(SUBSTITUTE(CONCAT(G10,H10), "ä", "a"), "ā", "a"), "ë", "e"), "ö", "o"), "ū", "u"), "Š", "S"), "ģ", "g"), "ć", "c"), "č", "c"), "ž", "z"), "đ", "d"), "š", "s"), "á", "a"), "é", "e"), "í", "i"), "ñ", "n"),"ņ", "n"), "'", ""), ".", ""), "Jakob Poltl", "Jakob Poeltl"), "Kenyon Martin Jr", "Kenyon Martin"), "Reggie Bullock Jr", "Reggie Bullock"), "Xavier Tillman Sr", "Xavier Tillman"), "KJ Martin", "Kenyon Martin"), "Č", "C"), " III",), "ü", "u"), "ô", "o"), "Brandon Boston Jr", "Brandon Boston"), "Carlton Carrington", "Bub Carrington")
A11: 979 | B11: 2013-14 | C11: Jermaine ONeal | D11: =IFERROR(VLOOKUP(CONCAT($B11,$C11), $F$3:$I$6999, 4, False), if(int(right($B11, 2)) < 25, ,)) | E11: =IFERROR(VLOOKUP(C11, H$3:J$7017, 2, False), ) | F11: =SUBSTITUTE(SUBSTITUTE(SUBSTITUTE(SUBSTITUTE(SUBSTITUTE(SUBSTITUTE(SUBSTITUTE(SUBSTITUTE(SUBSTITUTE(SUBSTITUTE(SUBSTITUTE(SUBSTITUTE(SUBSTITUTE(SUBSTITUTE(SUBSTITUTE(SUBSTITUTE(SUBSTITUTE(SUBSTITUTE(SUBSTITUTE(SUBSTITUTE(SUBSTITUTE(SUBSTITUTE(SUBSTITUTE(SUBSTITUTE(SUBSTITUTE(SUBSTITUTE(SUBSTITUTE(SUBSTITUTE(SUBSTITUTE(SUBSTITUTE(CONCAT(G11,H11), "ä", "a"), "ā", "a"), "ë", "e"), "ö", "o"), "ū", "u"), "Š", "S"), "ģ", "g"), "ć", "c"), "č", "c"), "ž", "z"), "đ", "d"), "š", "s"), "á", "a"), "é", "e"), "í", "i"), "ñ", "n"),"ņ", "n"), "'", ""), ".", ""), "Jakob Poltl", "Jakob Poeltl"), "Kenyon Martin Jr", "Kenyon Martin"), "Reggie Bullock Jr", "Reggie Bullock"), "Xavier Tillman Sr", "Xavier Tillman"), "KJ Martin", "Kenyon Martin"), "Č", "C"), " III",), "ü", "u"), "ô", "o"), "Brandon Boston Jr", "Brandon Boston"), "Carlton Carrington", "Bub Carrington")
A12: 1495 | B12: 2013-14 | C12: Tim Duncan | D12: =IFERROR(VLOOKUP(CONCAT($B12,$C12), $F$3:$I$6999, 4, False), if(int(right($B12, 2)) < 25, ,)) | E12: =IFERROR(VLOOKUP(C12, H$3:J$7017, 2, False), ) | F12: =SUBSTITUTE(SUBSTITUTE(SUBSTITUTE(SUBSTITUTE(SUBSTITUTE(SUBSTITUTE(SUBSTITUTE(SUBSTITUTE(SUBSTITUTE(SUBSTITUTE(SUBSTITUTE(SUBSTITUTE(SUBSTITUTE(SUBSTITUTE(SUBSTITUTE(SUBSTITUTE(SUBSTITUTE(SUBSTITUTE(SUBSTITUTE(SUBSTITUTE(SUBSTITUTE(SUBSTITUTE(SUBSTITUTE(SUBSTITUTE(SUBSTITUTE(SUBSTITUTE(SUBSTITUTE(SUBSTITUTE(SUBSTITUTE(SUBSTITUTE(CONCAT(G12,H12), "ä", "a"), "ā", "a"), "ë", "e"), "ö", "o"), "ū", "u"), "Š", "S"), "ģ", "g"), "ć", "c"), "č", "c"), "ž", "z"), "đ", "d"), "š", "s"), "á", "a"), "é", "e"), "í", "i"), "ñ", "n"),"ņ", "n"), "'", ""), ".", ""), "Jakob Poltl", "Jakob Poeltl"), "Kenyon Martin Jr", "Kenyon Martin"), "Reggie Bullock Jr", "Reggie Bullock"), "Xavier Tillman Sr", "Xavier Tillman"), "KJ Martin", "Kenyon Martin"), "Č", "C"), " III",), "ü", "u"), "ô", "o"), "Brandon Boston Jr", "Brandon Boston"), "Carlton Carrington", "Bub Carrington")
A13: 1495 | B13: 2014-15 | C13: Tim Duncan | D13: =IFERROR(VLOOKUP(CONCAT($B13,$C13), $F$3:$I$6999, 4, False), if(int(right($B13, 2)) < 25, ,)) | E13: =IFERROR(VLOOKUP(C13, H$3:J$7017, 2, False), ) | F13: =SUBSTITUTE(SUBSTITUTE(SUBSTITUTE(SUBSTITUTE(SUBSTITUTE(SUBSTITUTE(SUBSTITUTE(SUBSTITUTE(SUBSTITUTE(SUBSTITUTE(SUBSTITUTE(SUBSTITUTE(SUBSTITUTE(SUBSTITUTE(SUBSTITUTE(SUBSTITUTE(SUBSTITUTE(SUBSTITUTE(SUBSTITUTE(SUBSTITUTE(SUBSTITUTE(SUBSTITUTE(SUBSTITUTE(SUBSTITUTE(SUBSTITUTE(SUBSTITUTE(SUBSTITUTE(SUBSTITUTE(SUBSTITUTE(SUBSTITUTE(CONCAT(G13,H13), "ä", "a"), "ā", "a"), "ë", "e"), "ö", "o"), "ū", "u"), "Š", "S"), "ģ", "g"), "ć", "c"), "č", "c"), "ž", "z"), "đ", "d"), "š", "s"), "á", "a"), "é", "e"), "í", "i"), "ñ", "n"),"ņ", "n"), "'", ""), ".", ""), "Jakob Poltl", "Jakob Poeltl"), "Kenyon Martin Jr", "Kenyon Martin"), "Reggie Bullock Jr", "Reggie Bullock"), "Xavier Tillman Sr", "Xavier Tillman"), "KJ Martin", "Kenyon Martin"), "Č", "C"), " III",), "ü", "u"), "ô", "o"), "Brandon Boston Jr", "Brandon Boston"), "Carlton Carrington", "Bub Carrington")
A14: 1495 | B14: 2015-16 | C14: Tim Duncan | D14: =IFERROR(VLOOKUP(CONCAT($B14,$C14), $F$3:$I$6999, 4, False), if(int(right($B14, 2)) < 25, ,)) | E14: =IFERROR(VLOOKUP(C14, H$3:J$7017, 2, False), ) | F14: =SUBSTITUTE(SUBSTITUTE(SUBSTITUTE(SUBSTITUTE(SUBSTITUTE(SUBSTITUTE(SUBSTITUTE(SUBSTITUTE(SUBSTITUTE(SUBSTITUTE(SUBSTITUTE(SUBSTITUTE(SUBSTITUTE(SUBSTITUTE(SUBSTITUTE(SUBSTITUTE(SUBSTITUTE(SUBSTITUTE(SUBSTITUTE(SUBSTITUTE(SUBSTITUTE(SUBSTITUTE(SUBSTITUTE(SUBSTITUTE(SUBSTITUTE(SUBSTITUTE(SUBSTITUTE(SUBSTITUTE(SUBSTITUTE(SUBSTITUTE(CONCAT(G14,H14), "ä", "a"), "ā", "a"), "ë", "e"), "ö", "o"), "ū", "u"), "Š", "S"), "ģ", "g"), "ć", "c"), "č", "c"), "ž", "z"), "đ", "d"), "š", "s"), "á", "a"), "é", "e"), "í", "i"), "ñ", "n"),"ņ", "n"), "'", ""), ".", ""), "Jakob Poltl", "Jakob Poeltl"), "Kenyon Martin Jr", "Kenyon Martin"), "Reggie Bullock Jr", "Reggie Bullock"), "Xavier Tillman Sr", "Xavier Tillman"), "KJ Martin", "Kenyon Martin"), "Č", "C"), " III",), "ü", "u"), "ô", "o"), "Brandon Boston Jr", "Brandon Boston"), "Carlton Carrington", "Bub Carrington")
A15: 1497 | B15: 2013-14 | C15: Chauncey Billups | D15: =IFERROR(VLOOKUP(CONCAT($B15,$C15), $F$3:$I$6999, 4, False), if(int(right($B15, 2)) < 25, ,)) | E15: =IFERROR(VLOOKUP(C15, H$3:J$7017, 2, False), ) | F15: =SUBSTITUTE(SUBSTITUTE(SUBSTITUTE(SUBSTITUTE(SUBSTITUTE(SUBSTITUTE(SUBSTITUTE(SUBSTITUTE(SUBSTITUTE(SUBSTITUTE(SUBSTITUTE(SUBSTITUTE(SUBSTITUTE(SUBSTITUTE(SUBSTITUTE(SUBSTITUTE(SUBSTITUTE(SUBSTITUTE(SUBSTITUTE(SUBSTITUTE(SUBSTITUTE(SUBSTITUTE(SUBSTITUTE(SUBSTITUTE(SUBSTITUTE(SUBSTITUTE(SUBSTITUTE(SUBSTITUTE(SUBSTITUTE(SUBSTITUTE(CONCAT(G15,H15), "ä", "a"), "ā", "a"), "ë", "e"), "ö", "o"), "ū", "u"), "Š", "S"), "ģ", "g"), "ć", "c"), "č", "c"), "ž", "z"), "đ", "d"), "š", "s"), "á", "a"), "é", "e"), "í", "i"), "ñ", "n"),"ņ", "n"), "'", ""), ".", ""), "Jakob Poltl", "Jakob Poeltl"), "Kenyon Martin Jr", "Kenyon Martin"), "Reggie Bullock Jr", "Reggie Bullock"), "Xavier Tillman Sr", "Xavier Tillman"), "KJ Martin", "Kenyon Martin"), "Č", "C"), " III",), "ü", "u"), "ô", "o"), "Brandon Boston Jr", "Brandon Boston"), "Carlton Carrington", "Bub Carrington")
A16: 1536 | B16: 2013-14 | C16: Stephen Jackson | D16: =IFERROR(VLOOKUP(CONCAT($B16,$C16), $F$3:$I$6999, 4, False), if(int(right($B16, 2)) < 25, ,)) | E16: =IFERROR(VLOOKUP(C16, H$3:J$7017, 2, False), ) | F16: =SUBSTITUTE(SUBSTITUTE(SUBSTITUTE(SUBSTITUTE(SUBSTITUTE(SUBSTITUTE(SUBSTITUTE(SUBSTITUTE(SUBSTITUTE(SUBSTITUTE(SUBSTITUTE(SUBSTITUTE(SUBSTITUTE(SUBSTITUTE(SUBSTITUTE(SUBSTITUTE(SUBSTITUTE(SUBSTITUTE(SUBSTITUTE(SUBSTITUTE(SUBSTITUTE(SUBSTITUTE(SUBSTITUTE(SUBSTITUTE(SUBSTITUTE(SUBSTITUTE(SUBSTITUTE(SUBSTITUTE(SUBSTITUTE(SUBSTITUTE(CONCAT(G16,H16), "ä", "a"), "ā", "a"), "ë", "e"), "ö", "o"), "ū", "u"), "Š", "S"), "ģ", "g"), "ć", "c"), "č", "c"), "ž", "z"), "đ", "d"), "š", "s"), "á", "a"), "é", "e"), "í", "i"), "ñ", "n"),"ņ", "n"), "'", ""), ".", ""), "Jakob Poltl", "Jakob Poeltl"), "Kenyon Martin Jr", "Kenyon Martin"), "Reggie Bullock Jr", "Reggie Bullock"), "Xavier Tillman Sr", "Xavier Tillman"), "KJ Martin", "Kenyon Martin"), "Č", "C"), " III",), "ü", "u"), "ô", "o"), "Brandon Boston Jr", "Brandon Boston"), "Carlton Carrington", "Bub Carrington")
A17: 1712 | B17: 2013-14 | C17: Antawn Jamison | D17: =IFERROR(VLOOKUP(CONCAT($B17,$C17), $F$3:$I$6999, 4, False), if(int(right($B17, 2)) < 25, ,)) | E17: =IFERROR(VLOOKUP(C17, H$3:J$7017, 2, False), ) | F17: =SUBSTITUTE(SUBSTITUTE(SUBSTITUTE(SUBSTITUTE(SUBSTITUTE(SUBSTITUTE(SUBSTITUTE(SUBSTITUTE(SUBSTITUTE(SUBSTITUTE(SUBSTITUTE(SUBSTITUTE(SUBSTITUTE(SUBSTITUTE(SUBSTITUTE(SUBSTITUTE(SUBSTITUTE(SUBSTITUTE(SUBSTITUTE(SUBSTITUTE(SUBSTITUTE(SUBSTITUTE(SUBSTITUTE(SUBSTITUTE(SUBSTITUTE(SUBSTITUTE(SUBSTITUTE(SUBSTITUTE(SUBSTITUTE(SUBSTITUTE(CONCAT(G17,H17), "ä", "a"), "ā", "a"), "ë", "e"), "ö", "o"), "ū", "u"), "Š", "S"), "ģ", "g"), "ć", "c"), "č", "c"), "ž", "z"), "đ", "d"), "š", "s"), "á", "a"), "é", "e"), "í", "i"), "ñ", "n"),"ņ", "n"), "'", ""), ".", ""), "Jakob Poltl", "Jakob Poeltl"), "Kenyon Martin Jr", "Kenyon Martin"), "Reggie Bullock Jr", "Reggie Bullock"), "Xavier Tillman Sr", "Xavier Tillman"), "KJ Martin", "Kenyon Martin"), "Č", "C"), " III",), "ü", "u"), "ô", "o"), "Brandon Boston Jr", "Brandon Boston"), "Carlton Carrington", "Bub Carrington")
A18: 1713 | B18: 2013-14 | C18: Vince Carter | D18: =IFERROR(VLOOKUP(CONCAT($B18,$C18), $F$3:$I$6999, 4, False), if(int(right($B18, 2)) < 25, ,)) | E18: =IFERROR(VLOOKUP(C18, H$3:J$7017, 2, False), ) | F18: =SUBSTITUTE(SUBSTITUTE(SUBSTITUTE(SUBSTITUTE(SUBSTITUTE(SUBSTITUTE(SUBSTITUTE(SUBSTITUTE(SUBSTITUTE(SUBSTITUTE(SUBSTITUTE(SUBSTITUTE(SUBSTITUTE(SUBSTITUTE(SUBSTITUTE(SUBSTITUTE(SUBSTITUTE(SUBSTITUTE(SUBSTITUTE(SUBSTITUTE(SUBSTITUTE(SUBSTITUTE(SUBSTITUTE(SUBSTITUTE(SUBSTITUTE(SUBSTITUTE(SUBSTITUTE(SUBSTITUTE(SUBSTITUTE(SUBSTITUTE(CONCAT(G18,H18), "ä", "a"), "ā", "a"), "ë", "e"), "ö", "o"), "ū", "u"), "Š", "S"), "ģ", "g"), "ć", "c"), "č", "c"), "ž", "z"), "đ", "d"), "š", "s"), "á", "a"), "é", "e"), "í", "i"), "ñ", "n"),"ņ", "n"), "'", ""), ".", ""), "Jakob Poltl", "Jakob Poeltl"), "Kenyon Martin Jr", "Kenyon Martin"), "Reggie Bullock Jr", "Reggie Bullock"), "Xavier Tillman Sr", "Xavier Tillman"), "KJ Martin", "Kenyon Martin"), "Č", "C"), " III",), "ü", "u"), "ô", "o"), "Brandon Boston Jr", "Brandon Boston"), "Carlton Carrington", "Bub Carrington")
A19: 1713 | B19: 2014-15 | C19: Vince Carter | D19: =IFERROR(VLOOKUP(CONCAT($B19,$C19), $F$3:$I$6999, 4, False), if(int(right($B19, 2)) < 25, ,)) | E19: =IFERROR(VLOOKUP(C19, H$3:J$7017, 2, False), ) | F19: =SUBSTITUTE(SUBSTITUTE(SUBSTITUTE(SUBSTITUTE(SUBSTITUTE(SUBSTITUTE(SUBSTITUTE(SUBSTITUTE(SUBSTITUTE(SUBSTITUTE(SUBSTITUTE(SUBSTITUTE(SUBSTITUTE(SUBSTITUTE(SUBSTITUTE(SUBSTITUTE(SUBSTITUTE(SUBSTITUTE(SUBSTITUTE(SUBSTITUTE(SUBSTITUTE(SUBSTITUTE(SUBSTITUTE(SUBSTITUTE(SUBSTITUTE(SUBSTITUTE(SUBSTITUTE(SUBSTITUTE(SUBSTITUTE(SUBSTITUTE(CONCAT(G19,H19), "ä", "a"), "ā", "a"), "ë", "e"), "ö", "o"), "ū", "u"), "Š", "S"), "ģ", "g"), "ć", "c"), "č", "c"), "ž", "z"), "đ", "d"), "š", "s"), "á", "a"), "é", "e"), "í", "i"), "ñ", "n"),"ņ", "n"), "'", ""), ".", ""), "Jakob Poltl", "Jakob Poeltl"), "Kenyon Martin Jr", "Kenyon Martin"), "Reggie Bullock Jr", "Reggie Bullock"), "Xavier Tillman Sr", "Xavier Tillman"), "KJ Martin", "Kenyon Martin"), "Č", "C"), " III",), "ü", "u"), "ô", "o"), "Brandon Boston Jr", "Brandon Boston"), "Carlton Carrington", "Bub Carrington")
... A6920: 1643257 | B6920: 2025-26 | C6920: Jayson Kent | D6920: =IFERROR(VLOOKUP(CONCAT($B6920,$C6920), $F$3:$I$6999, 4, False), if(int(right($B6920, 2)) < 25, ,)) | E6920: =IFERROR(VLOOKUP(C6920, H$3:J$7017, 2, False), ) | F6920: =SUBSTITUTE(SUBSTITUTE(SUBSTITUTE(SUBSTITUTE(SUBSTITUTE(SUBSTITUTE(SUBSTITUTE(SUBSTITUTE(SUBSTITUTE(SUBSTITUTE(SUBSTITUTE(SUBSTITUTE(SUBSTITUTE(SUBSTITUTE(SUBSTITUTE(SUBSTITUTE(SUBSTITUTE(SUBSTITUTE(SUBSTITUTE(SUBSTITUTE(SUBSTITUTE(SUBSTITUTE(SUBSTITUTE(SUBSTITUTE(SUBSTITUTE(SUBSTITUTE(SUBSTITUTE(SUBSTITUTE(SUBSTITUTE(SUBSTITUTE(CONCAT(G6920,H6920), "ä", "a"), "ā", "a"), "ë", "e"), "ö", "o"), "ū", "u"), "Š", "S"), "ģ", "g"), "ć", "c"), "č", "c"), "ž", "z"), "đ", "d"), "š", "s"), "á", "a"), "é", "e"), "í", "i"), "ñ", "n"),"ņ", "n"), "'", ""), ".", ""), "Jakob Poltl", "Jakob Poeltl"), "Kenyon Martin Jr", "Kenyon Martin"), "Reggie Bullock Jr", "Reggie Bullock"), "Xavier Tillman Sr", "Xavier Tillman"), "KJ Martin", "Kenyon Martin"), "Č", "C"), " III",), "ü", "u"), "ô", "o"), "Brandon Boston Jr", "Brandon Boston"), "Carlton Carrington", "Bub Carrington")
D6921: =IFERROR(VLOOKUP(CONCAT($B6921,$C6921), $F$3:$I$6999, 4, False), if(int(right($B6921, 2)) < 25, ,)) | E6921: =IFERROR(VLOOKUP(C6921, H$3:J$7017, 2, False), ) | F6921: =SUBSTITUTE(SUBSTITUTE(SUBSTITUTE(SUBSTITUTE(SUBSTITUTE(SUBSTITUTE(SUBSTITUTE(SUBSTITUTE(SUBSTITUTE(SUBSTITUTE(SUBSTITUTE(SUBSTITUTE(SUBSTITUTE(SUBSTITUTE(SUBSTITUTE(SUBSTITUTE(SUBSTITUTE(SUBSTITUTE(SUBSTITUTE(SUBSTITUTE(SUBSTITUTE(SUBSTITUTE(SUBSTITUTE(SUBSTITUTE(SUBSTITUTE(SUBSTITUTE(SUBSTITUTE(SUBSTITUTE(SUBSTITUTE(SUBSTITUTE(CONCAT(G6921,H6921), "ä", "a"), "ā", "a"), "ë", "e"), "ö", "o"), "ū", "u"), "Š", "S"), "ģ", "g"), "ć", "c"), "č", "c"), "ž", "z"), "đ", "d"), "š", "s"), "á", "a"), "é", "e"), "í", "i"), "ñ", "n"),"ņ", "n"), "'", ""), ".", ""), "Jakob Poltl", "Jakob Poeltl"), "Kenyon Martin Jr", "Kenyon Martin"), "Reggie Bullock Jr", "Reggie Bullock"), "Xavier Tillman Sr", "Xavier Tillman"), "KJ Martin", "Kenyon Martin"), "Č", "C"), " III",), "ü", "u"), "ô", "o"), "Brandon Boston Jr", "Brandon Boston"), "Carlton Carrington", "Bub Carrington")
D6922: =IFERROR(VLOOKUP(CONCAT($B6922,$C6922), $F$3:$I$6999, 4, False), if(int(right($B6922, 2)) < 25, ,)) | E6922: =IFERROR(VLOOKUP(C6922, H$3:J$7017, 2, False), ) | F6922: =SUBSTITUTE(SUBSTITUTE(SUBSTITUTE(SUBSTITUTE(SUBSTITUTE(SUBSTITUTE(SUBSTITUTE(SUBSTITUTE(SUBSTITUTE(SUBSTITUTE(SUBSTITUTE(SUBSTITUTE(SUBSTITUTE(SUBSTITUTE(SUBSTITUTE(SUBSTITUTE(SUBSTITUTE(SUBSTITUTE(SUBSTITUTE(SUBSTITUTE(SUBSTITUTE(SUBSTITUTE(SUBSTITUTE(SUBSTITUTE(SUBSTITUTE(SUBSTITUTE(SUBSTITUTE(SUBSTITUTE(SUBSTITUTE(SUBSTITUTE(CONCAT(G6922,H6922), "ä", "a"), "ā", "a"), "ë", "e"), "ö", "o"), "ū", "u"), "Š", "S"), "ģ", "g"), "ć", "c"), "č", "c"), "ž", "z"), "đ", "d"), "š", "s"), "á", "a"), "é", "e"), "í", "i"), "ñ", "n"),"ņ", "n"), "'", ""), ".", ""), "Jakob Poltl", "Jakob Poeltl"), "Kenyon Martin Jr", "Kenyon Martin"), "Reggie Bullock Jr", "Reggie Bullock"), "Xavier Tillman Sr", "Xavier Tillman"), "KJ Martin", "Kenyon Martin"), "Č", "C"), " III",), "ü", "u"), "ô", "o"), "Brandon Boston Jr", "Brandon Boston"), "Carlton Carrington", "Bub Carrington")
D6923: =IFERROR(VLOOKUP(CONCAT($B6923,$C6923), $F$3:$I$6999, 4, False), if(int(right($B6923, 2)) < 25, ,)) | E6923: =IFERROR(VLOOKUP(C6923, H$3:J$7017, 2, False), ) | F6923: =SUBSTITUTE(SUBSTITUTE(SUBSTITUTE(SUBSTITUTE(SUBSTITUTE(SUBSTITUTE(SUBSTITUTE(SUBSTITUTE(SUBSTITUTE(SUBSTITUTE(SUBSTITUTE(SUBSTITUTE(SUBSTITUTE(SUBSTITUTE(SUBSTITUTE(SUBSTITUTE(SUBSTITUTE(SUBSTITUTE(SUBSTITUTE(SUBSTITUTE(SUBSTITUTE(SUBSTITUTE(SUBSTITUTE(SUBSTITUTE(SUBSTITUTE(SUBSTITUTE(SUBSTITUTE(SUBSTITUTE(SUBSTITUTE(SUBSTITUTE(CONCAT(G6923,H6923), "ä", "a"), "ā", "a"), "ë", "e"), "ö", "o"), "ū", "u"), "Š", "S"), "ģ", "g"), "ć", "c"), "č", "c"), "ž", "z"), "đ", "d"), "š", "s"), "á", "a"), "é", "e"), "í", "i"), "ñ", "n"),"ņ", "n"), "'", ""), ".", ""), "Jakob Poltl", "Jakob Poeltl"), "Kenyon Martin Jr", "Kenyon Martin"), "Reggie Bullock Jr", "Reggie Bullock"), "Xavier Tillman Sr", "Xavier Tillman"), "KJ Martin", "Kenyon Martin"), "Č", "C"), " III",), "ü", "u"), "ô", "o"), "Brandon Boston Jr", "Brandon Boston"), "Carlton Carrington", "Bub Carrington")
D6924: =IFERROR(VLOOKUP(CONCAT($B6924,$C6924), $F$3:$I$6999, 4, False), if(int(right($B6924, 2)) < 25, ,)) | E6924: =IFERROR(VLOOKUP(C6924, H$3:J$7017, 2, False), ) | F6924: =SUBSTITUTE(SUBSTITUTE(SUBSTITUTE(SUBSTITUTE(SUBSTITUTE(SUBSTITUTE(SUBSTITUTE(SUBSTITUTE(SUBSTITUTE(SUBSTITUTE(SUBSTITUTE(SUBSTITUTE(SUBSTITUTE(SUBSTITUTE(SUBSTITUTE(SUBSTITUTE(SUBSTITUTE(SUBSTITUTE(SUBSTITUTE(SUBSTITUTE(SUBSTITUTE(SUBSTITUTE(SUBSTITUTE(SUBSTITUTE(SUBSTITUTE(SUBSTITUTE(SUBSTITUTE(SUBSTITUTE(SUBSTITUTE(SUBSTITUTE(CONCAT(G6924,H6924), "ä", "a"), "ā", "a"), "ë", "e"), "ö", "o"), "ū", "u"), "Š", "S"), "ģ", "g"), "ć", "c"), "č", "c"), "ž", "z"), "đ", "d"), "š", "s"), "á", "a"), "é", "e"), "í", "i"), "ñ", "n"),"ņ", "n"), "'", ""), ".", ""), "Jakob Poltl", "Jakob Poeltl"), "Kenyon Martin Jr", "Kenyon Martin"), "Reggie Bullock Jr", "Reggie Bullock"), "Xavier Tillman Sr", "Xavier Tillman"), "KJ Martin", "Kenyon Martin"), "Č", "C"), " III",), "ü", "u"), "ô", "o"), "Brandon Boston Jr", "Brandon Boston"), "Carlton Carrington", "Bub Carrington")
D6925: =IFERROR(VLOOKUP(CONCAT($B6925,$C6925), $F$3:$I$6999, 4, False), if(int(right($B6925, 2)) < 25, ,)) | E6925: =IFERROR(VLOOKUP(C6925, H$3:J$7017, 2, False), ) | F6925: =SUBSTITUTE(SUBSTITUTE(SUBSTITUTE(SUBSTITUTE(SUBSTITUTE(SUBSTITUTE(SUBSTITUTE(SUBSTITUTE(SUBSTITUTE(SUBSTITUTE(SUBSTITUTE(SUBSTITUTE(SUBSTITUTE(SUBSTITUTE(SUBSTITUTE(SUBSTITUTE(SUBSTITUTE(SUBSTITUTE(SUBSTITUTE(SUBSTITUTE(SUBSTITUTE(SUBSTITUTE(SUBSTITUTE(SUBSTITUTE(SUBSTITUTE(SUBSTITUTE(SUBSTITUTE(SUBSTITUTE(SUBSTITUTE(SUBSTITUTE(CONCAT(G6925,H6925), "ä", "a"), "ā", "a"), "ë", "e"), "ö", "o"), "ū", "u"), "Š", "S"), "ģ", "g"), "ć", "c"), "č", "c"), "ž", "z"), "đ", "d"), "š", "s"), "á", "a"), "é", "e"), "í", "i"), "ñ", "n"),"ņ", "n"), "'", ""), ".", ""), "Jakob Poltl", "Jakob Poeltl"), "Kenyon Martin Jr", "Kenyon Martin"), "Reggie Bullock Jr", "Reggie Bullock"), "Xavier Tillman Sr", "Xavier Tillman"), "KJ Martin", "Kenyon Martin"), "Č", "C"), " III",), "ü", "u"), "ô", "o"), "Brandon Boston Jr", "Brandon Boston"), "Carlton Carrington", "Bub Carrington")
D6926: =IFERROR(VLOOKUP(CONCAT($B6926,$C6926), $F$3:$I$6999, 4, False), if(int(right($B6926, 2)) < 25, ,)) | E6926: =IFERROR(VLOOKUP(C6926, H$3:J$7017, 2, False), ) | F6926: =SUBSTITUTE(SUBSTITUTE(SUBSTITUTE(SUBSTITUTE(SUBSTITUTE(SUBSTITUTE(SUBSTITUTE(SUBSTITUTE(SUBSTITUTE(SUBSTITUTE(SUBSTITUTE(SUBSTITUTE(SUBSTITUTE(SUBSTITUTE(SUBSTITUTE(SUBSTITUTE(SUBSTITUTE(SUBSTITUTE(SUBSTITUTE(SUBSTITUTE(SUBSTITUTE(SUBSTITUTE(SUBSTITUTE(SUBSTITUTE(SUBSTITUTE(SUBSTITUTE(SUBSTITUTE(SUBSTITUTE(SUBSTITUTE(SUBSTITUTE(CONCAT(G6926,H6926), "ä", "a"), "ā", "a"), "ë", "e"), "ö", "o"), "ū", "u"), "Š", "S"), "ģ", "g"), "ć", "c"), "č", "c"), "ž", "z"), "đ", "d"), "š", "s"), "á", "a"), "é", "e"), "í", "i"), "ñ", "n"),"ņ", "n"), "'", ""), ".", ""), "Jakob Poltl", "Jakob Poeltl"), "Kenyon Martin Jr", "Kenyon Martin"), "Reggie Bullock Jr", "Reggie Bullock"), "Xavier Tillman Sr", "Xavier Tillman"), "KJ Martin", "Kenyon Martin"), "Č", "C"), " III",), "ü", "u"), "ô", "o"), "Brandon Boston Jr", "Brandon Boston"), "Carlton Carrington", "Bub Carrington")
D6927: =IFERROR(VLOOKUP(CONCAT($B6927,$C6927), $F$3:$I$6999, 4, False), if(int(right($B6927, 2)) < 25, ,)) | E6927: =IFERROR(VLOOKUP(C6927, H$3:J$7017, 2, False), ) | F6927: =SUBSTITUTE(SUBSTITUTE(SUBSTITUTE(SUBSTITUTE(SUBSTITUTE(SUBSTITUTE(SUBSTITUTE(SUBSTITUTE(SUBSTITUTE(SUBSTITUTE(SUBSTITUTE(SUBSTITUTE(SUBSTITUTE(SUBSTITUTE(SUBSTITUTE(SUBSTITUTE(SUBSTITUTE(SUBSTITUTE(SUBSTITUTE(SUBSTITUTE(SUBSTITUTE(SUBSTITUTE(SUBSTITUTE(SUBSTITUTE(SUBSTITUTE(SUBSTITUTE(SUBSTITUTE(SUBSTITUTE(SUBSTITUTE(SUBSTITUTE(CONCAT(G6927,H6927), "ä", "a"), "ā", "a"), "ë", "e"), "ö", "o"), "ū", "u"), "Š", "S"), "ģ", "g"), "ć", "c"), "č", "c"), "ž", "z"), "đ", "d"), "š", "s"), "á", "a"), "é", "e"), "í", "i"), "ñ", "n"),"ņ", "n"), "'", ""), ".", ""), "Jakob Poltl", "Jakob Poeltl"), "Kenyon Martin Jr", "Kenyon Martin"), "Reggie Bullock Jr", "Reggie Bullock"), "Xavier Tillman Sr", "Xavier Tillman"), "KJ Martin", "Kenyon Martin"), "Č", "C"), " III",), "ü", "u"), "ô", "o"), "Brandon Boston Jr", "Brandon Boston"), "Carlton Carrington", "Bub Carrington")
D6928: =IFERROR(VLOOKUP(CONCAT($B6928,$C6928), $F$3:$I$6999, 4, False), if(int(right($B6928, 2)) < 25, ,)) | E6928: =IFERROR(VLOOKUP(C6928, H$3:J$7017, 2, False), ) | F6928: =SUBSTITUTE(SUBSTITUTE(SUBSTITUTE(SUBSTITUTE(SUBSTITUTE(SUBSTITUTE(SUBSTITUTE(SUBSTITUTE(SUBSTITUTE(SUBSTITUTE(SUBSTITUTE(SUBSTITUTE(SUBSTITUTE(SUBSTITUTE(SUBSTITUTE(SUBSTITUTE(SUBSTITUTE(SUBSTITUTE(SUBSTITUTE(SUBSTITUTE(SUBSTITUTE(SUBSTITUTE(SUBSTITUTE(SUBSTITUTE(SUBSTITUTE(SUBSTITUTE(SUBSTITUTE(SUBSTITUTE(SUBSTITUTE(SUBSTITUTE(CONCAT(G6928,H6928), "ä", "a"), "ā", "a"), "ë", "e"), "ö", "o"), "ū", "u"), "Š", "S"), "ģ", "g"), "ć", "c"), "č", "c"), "ž", "z"), "đ", "d"), "š", "s"), "á", "a"), "é", "e"), "í", "i"), "ñ", "n"),"ņ", "n"), "'", ""), ".", ""), "Jakob Poltl", "Jakob Poeltl"), "Kenyon Martin Jr", "Kenyon Martin"), "Reggie Bullock Jr", "Reggie Bullock"), "Xavier Tillman Sr", "Xavier Tillman"), "KJ Martin", "Kenyon Martin"), "Č", "C"), " III",), "ü", "u"), "ô", "o"), "Brandon Boston Jr", "Brandon Boston"), "Carlton Carrington", "Bub Carrington")
D6929: =IFERROR(VLOOKUP(CONCAT($B6929,$C6929), $F$3:$I$6999, 4, False), if(int(right($B6929, 2)) < 25, ,)) | E6929: =IFERROR(VLOOKUP(C6929, H$3:J$7017, 2, False), ) | F6929: =SUBSTITUTE(SUBSTITUTE(SUBSTITUTE(SUBSTITUTE(SUBSTITUTE(SUBSTITUTE(SUBSTITUTE(SUBSTITUTE(SUBSTITUTE(SUBSTITUTE(SUBSTITUTE(SUBSTITUTE(SUBSTITUTE(SUBSTITUTE(SUBSTITUTE(SUBSTITUTE(SUBSTITUTE(SUBSTITUTE(SUBSTITUTE(SUBSTITUTE(SUBSTITUTE(SUBSTITUTE(SUBSTITUTE(SUBSTITUTE(SUBSTITUTE(SUBSTITUTE(SUBSTITUTE(SUBSTITUTE(SUBSTITUTE(SUBSTITUTE(CONCAT(G6929,H6929), "ä", "a"), "ā", "a"), "ë", "e"), "ö", "o"), "ū", "u"), "Š", "S"), "ģ", "g"), "ć", "c"), "č", "c"), "ž", "z"), "đ", "d"), "š", "s"), "á", "a"), "é", "e"), "í", "i"), "ñ", "n"),"ņ", "n"), "'", ""), ".", ""), "Jakob Poltl", "Jakob Poeltl"), "Kenyon Martin Jr", "Kenyon Martin"), "Reggie Bullock Jr", "Reggie Bullock"), "Xavier Tillman Sr", "Xavier Tillman"), "KJ Martin", "Kenyon Martin"), "Č", "C"), " III",), "ü", "u"), "ô", "o"), "Brandon Boston Jr", "Brandon Boston"), "Carlton Carrington", "Bub Carrington")
D6930: =IFERROR(VLOOKUP(CONCAT($B6930,$C6930), $F$3:$I$6999, 4, False), if(int(right($B6930, 2)) < 25, ,)) | E6930: =IFERROR(VLOOKUP(C6930, H$3:J$7017, 2, False), ) | F6930: =SUBSTITUTE(SUBSTITUTE(SUBSTITUTE(SUBSTITUTE(SUBSTITUTE(SUBSTITUTE(SUBSTITUTE(SUBSTITUTE(SUBSTITUTE(SUBSTITUTE(SUBSTITUTE(SUBSTITUTE(SUBSTITUTE(SUBSTITUTE(SUBSTITUTE(SUBSTITUTE(SUBSTITUTE(SUBSTITUTE(SUBSTITUTE(SUBSTITUTE(SUBSTITUTE(SUBSTITUTE(SUBSTITUTE(SUBSTITUTE(SUBSTITUTE(SUBSTITUTE(SUBSTITUTE(SUBSTITUTE(SUBSTITUTE(SUBSTITUTE(CONCAT(G6930,H6930), "ä", "a"), "ā", "a"), "ë", "e"), "ö", "o"), "ū", "u"), "Š", "S"), "ģ", "g"), "ć", "c"), "č", "c"), "ž", "z"), "đ", "d"), "š", "s"), "á", "a"), "é", "e"), "í", "i"), "ñ", "n"),"ņ", "n"), "'", ""), ".", ""), "Jakob Poltl", "Jakob Poeltl"), "Kenyon Martin Jr", "Kenyon Martin"), "Reggie Bullock Jr", "Reggie Bullock"), "Xavier Tillman Sr", "Xavier Tillman"), "KJ Martin", "Kenyon Martin"), "Č", "C"), " III",), "ü", "u"), "ô", "o"), "Brandon Boston Jr", "Brandon Boston"), "Carlton Carrington", "Bub Carrington")
D6931: =IFERROR(VLOOKUP(CONCAT($B6931,$C6931), $F$3:$I$6999, 4, False), if(int(right($B6931, 2)) < 25, ,)) | E6931: =IFERROR(VLOOKUP(C6931, H$3:J$7017, 2, False), ) | F6931: =SUBSTITUTE(SUBSTITUTE(SUBSTITUTE(SUBSTITUTE(SUBSTITUTE(SUBSTITUTE(SUBSTITUTE(SUBSTITUTE(SUBSTITUTE(SUBSTITUTE(SUBSTITUTE(SUBSTITUTE(SUBSTITUTE(SUBSTITUTE(SUBSTITUTE(SUBSTITUTE(SUBSTITUTE(SUBSTITUTE(SUBSTITUTE(SUBSTITUTE(SUBSTITUTE(SUBSTITUTE(SUBSTITUTE(SUBSTITUTE(SUBSTITUTE(SUBSTITUTE(SUBSTITUTE(SUBSTITUTE(SUBSTITUTE(SUBSTITUTE(CONCAT(G6931,H6931), "ä", "a"), "ā", "a"), "ë", "e"), "ö", "o"), "ū", "u"), "Š", "S"), "ģ", "g"), "ć", "c"), "č", "c"), "ž", "z"), "đ", "d"), "š", "s"), "á", "a"), "é", "e"), "í", "i"), "ñ", "n"),"ņ", "n"), "'", ""), ".", ""), "Jakob Poltl", "Jakob Poeltl"), "Kenyon Martin Jr", "Kenyon Martin"), "Reggie Bullock Jr", "Reggie Bullock"), "Xavier Tillman Sr", "Xavier Tillman"), "KJ Martin", "Kenyon Martin"), "Č", "C"), " III",), "ü", "u"), "ô", "o"), "Brandon Boston Jr", "Brandon Boston"), "Carlton Carrington", "Bub Carrington")
D6932: =IFERROR(VLOOKUP(CONCAT($B6932,$C6932), $F$3:$I$6999, 4, False), if(int(right($B6932, 2)) < 25, ,)) | E6932: =IFERROR(VLOOKUP(C6932, H$3:J$7017, 2, False), ) | F6932: =SUBSTITUTE(SUBSTITUTE(SUBSTITUTE(SUBSTITUTE(SUBSTITUTE(SUBSTITUTE(SUBSTITUTE(SUBSTITUTE(SUBSTITUTE(SUBSTITUTE(SUBSTITUTE(SUBSTITUTE(SUBSTITUTE(SUBSTITUTE(SUBSTITUTE(SUBSTITUTE(SUBSTITUTE(SUBSTITUTE(SUBSTITUTE(SUBSTITUTE(SUBSTITUTE(SUBSTITUTE(SUBSTITUTE(SUBSTITUTE(SUBSTITUTE(SUBSTITUTE(SUBSTITUTE(SUBSTITUTE(SUBSTITUTE(SUBSTITUTE(CONCAT(G6932,H6932), "ä", "a"), "ā", "a"), "ë", "e"), "ö", "o"), "ū", "u"), "Š", "S"), "ģ", "g"), "ć", "c"), "č", "c"), "ž", "z"), "đ", "d"), "š", "s"), "á", "a"), "é", "e"), "í", "i"), "ñ", "n"),"ņ", "n"), "'", ""), ".", ""), "Jakob Poltl", "Jakob Poeltl"), "Kenyon Martin Jr", "Kenyon Martin"), "Reggie Bullock Jr", "Reggie Bullock"), "Xavier Tillman Sr", "Xavier Tillman"), "KJ Martin", "Kenyon Martin"), "Č", "C"), " III",), "ü", "u"), "ô", "o"), "Brandon Boston Jr", "Brandon Boston"), "Carlton Carrington", "Bub Carrington")
... D7047: =IFERROR(VLOOKUP(CONCAT($B7047,$C7047), $F$3:$I$6999, 4, False), if(int(right($B7047, 2)) < 25, ,)) | E7047: =IFERROR(VLOOKUP(C7047, H$3:J$7017, 2, False), ) | F7047: =SUBSTITUTE(SUBSTITUTE(SUBSTITUTE(SUBSTITUTE(SUBSTITUTE(SUBSTITUTE(SUBSTITUTE(SUBSTITUTE(SUBSTITUTE(SUBSTITUTE(SUBSTITUTE(SUBSTITUTE(SUBSTITUTE(SUBSTITUTE(SUBSTITUTE(SUBSTITUTE(SUBSTITUTE(SUBSTITUTE(SUBSTITUTE(SUBSTITUTE(SUBSTITUTE(SUBSTITUTE(SUBSTITUTE(SUBSTITUTE(SUBSTITUTE(SUBSTITUTE(SUBSTITUTE(SUBSTITUTE(SUBSTITUTE(SUBSTITUTE(CONCAT(G7047,H7047), "ä", "a"), "ā", "a"), "ë", "e"), "ö", "o"), "ū", "u"), "Š", "S"), "ģ", "g"), "ć", "c"), "č", "c"), "ž", "z"), "đ", "d"), "š", "s"), "á", "a"), "é", "e"), "í", "i"), "ñ", "n"),"ņ", "n"), "'", ""), ".", ""), "Jakob Poltl", "Jakob Poeltl"), "Kenyon Martin Jr", "Kenyon Martin"), "Reggie Bullock Jr", "Reggie Bullock"), "Xavier Tillman Sr", "Xavier Tillman"), "KJ Martin", "Kenyon Martin"), "Č", "C"), " III",), "ü", "u"), "ô", "o"), "Brandon Boston Jr", "Brandon Boston"), "Carlton Carrington", "Bub Carrington")
